year,doy,das,dap,value,var,sim.id
2012,290,10,0,1,swface,SEQ_F1_S1
2012,291,11,1,1,swface,SEQ_F1_S1
2012,292,12,2,1,swface,SEQ_F1_S1
2012,293,13,3,1,swface,SEQ_F1_S1
2012,294,14,4,1,swface,SEQ_F1_S1
2012,295,15,5,1,swface,SEQ_F1_S1
2012,296,16,6,1,swface,SEQ_F1_S1
2012,297,17,7,1,swface,SEQ_F1_S1
2012,298,18,8,1,swface,SEQ_F1_S1
2012,299,19,9,1,swface,SEQ_F1_S1
2012,300,20,10,1,swface,SEQ_F1_S1
2012,301,21,11,1,swface,SEQ_F1_S1
2012,302,22,12,1,swface,SEQ_F1_S1
2012,303,23,13,1,swface,SEQ_F1_S1
2012,304,24,14,1,swface,SEQ_F1_S1
2012,305,25,15,1,swface,SEQ_F1_S1
2012,306,26,16,1,swface,SEQ_F1_S1
2012,307,27,17,1,swface,SEQ_F1_S1
2012,308,28,18,1,swface,SEQ_F1_S1
2012,309,29,19,1,swface,SEQ_F1_S1
2012,310,30,20,1,swface,SEQ_F1_S1
2012,311,31,21,1,swface,SEQ_F1_S1
2012,312,32,22,1,swface,SEQ_F1_S1
2012,313,33,23,1,swface,SEQ_F1_S1
2012,314,34,24,1,swface,SEQ_F1_S1
2012,315,35,25,1,swface,SEQ_F1_S1
2012,316,36,26,1,swface,SEQ_F1_S1
2012,317,37,27,1,swface,SEQ_F1_S1
2012,318,38,28,1,swface,SEQ_F1_S1
2012,319,39,29,1,swface,SEQ_F1_S1
2012,320,40,30,1,swface,SEQ_F1_S1
2012,321,41,31,1,swface,SEQ_F1_S1
2012,322,42,32,1,swface,SEQ_F1_S1
2012,323,43,33,1,swface,SEQ_F1_S1
2012,324,44,34,1,swface,SEQ_F1_S1
2012,325,45,35,1,swface,SEQ_F1_S1
2012,326,46,36,1,swface,SEQ_F1_S1
2012,327,47,37,1,swface,SEQ_F1_S1
2012,328,48,38,1,swface,SEQ_F1_S1
2012,329,49,39,1,swface,SEQ_F1_S1
2012,330,50,40,1,swface,SEQ_F1_S1
2012,331,51,41,1,swface,SEQ_F1_S1
2012,332,52,42,1,swface,SEQ_F1_S1
2012,333,53,43,1,swface,SEQ_F1_S1
2012,334,54,44,1,swface,SEQ_F1_S1
2012,335,55,45,1,swface,SEQ_F1_S1
2012,336,56,46,1,swface,SEQ_F1_S1
2012,337,57,47,1,swface,SEQ_F1_S1
2012,338,58,48,1,swface,SEQ_F1_S1
2012,339,59,49,1,swface,SEQ_F1_S1
2012,340,60,50,1,swface,SEQ_F1_S1
2012,341,61,51,1,swface,SEQ_F1_S1
2012,342,62,52,1,swface,SEQ_F1_S1
2012,343,63,53,1,swface,SEQ_F1_S1
2012,344,64,54,1,swface,SEQ_F1_S1
2012,345,65,55,1,swface,SEQ_F1_S1
2012,346,66,56,1,swface,SEQ_F1_S1
2012,347,67,57,1,swface,SEQ_F1_S1
2012,348,68,58,1,swface,SEQ_F1_S1
2012,349,69,59,1,swface,SEQ_F1_S1
2012,350,70,60,1,swface,SEQ_F1_S1
2012,351,71,61,1,swface,SEQ_F1_S1
2012,352,72,62,1,swface,SEQ_F1_S1
2012,353,73,63,1,swface,SEQ_F1_S1
2012,354,74,64,1,swface,SEQ_F1_S1
2012,355,75,65,1,swface,SEQ_F1_S1
2012,356,76,66,1,swface,SEQ_F1_S1
2012,357,77,67,1,swface,SEQ_F1_S1
2012,358,78,68,1,swface,SEQ_F1_S1
2012,359,79,69,1,swface,SEQ_F1_S1
2012,360,80,70,1,swface,SEQ_F1_S1
2012,361,81,71,1,swface,SEQ_F1_S1
2012,362,82,72,1,swface,SEQ_F1_S1
2012,363,83,73,1,swface,SEQ_F1_S1
2012,364,84,74,1,swface,SEQ_F1_S1
2012,365,85,75,1,swface,SEQ_F1_S1
2012,366,86,76,1,swface,SEQ_F1_S1
2013,1,87,77,1,swface,SEQ_F1_S1
2013,2,88,78,1,swface,SEQ_F1_S1
2013,3,89,79,1,swface,SEQ_F1_S1
2013,4,90,80,1,swface,SEQ_F1_S1
2013,5,91,81,1,swface,SEQ_F1_S1
2013,6,92,82,1,swface,SEQ_F1_S1
2013,7,93,83,0.88,swface,SEQ_F1_S1
2013,8,94,84,0.78,swface,SEQ_F1_S1
2013,9,95,85,1,swface,SEQ_F1_S1
2013,10,96,86,1,swface,SEQ_F1_S1
2013,11,97,87,1,swface,SEQ_F1_S1
2013,12,98,88,1,swface,SEQ_F1_S1
2013,13,99,89,1,swface,SEQ_F1_S1
2013,14,100,90,1,swface,SEQ_F1_S1
2013,15,101,91,1,swface,SEQ_F1_S1
2013,16,102,92,1,swface,SEQ_F1_S1
2013,17,103,93,1,swface,SEQ_F1_S1
2013,18,104,94,1,swface,SEQ_F1_S1
2013,19,105,95,1,swface,SEQ_F1_S1
2013,20,106,96,1,swface,SEQ_F1_S1
2013,21,107,97,1,swface,SEQ_F1_S1
2013,22,108,98,0.97,swface,SEQ_F1_S1
2013,23,109,99,1,swface,SEQ_F1_S1
2013,24,110,100,1,swface,SEQ_F1_S1
2013,25,111,101,1,swface,SEQ_F1_S1
2013,26,112,102,1,swface,SEQ_F1_S1
2013,27,113,103,1,swface,SEQ_F1_S1
2013,28,114,104,1,swface,SEQ_F1_S1
2013,29,115,105,1,swface,SEQ_F1_S1
2013,30,116,106,1,swface,SEQ_F1_S1
2013,31,117,107,1,swface,SEQ_F1_S1
2013,32,118,108,1,swface,SEQ_F1_S1
2013,33,119,109,1,swface,SEQ_F1_S1
2013,34,120,110,1,swface,SEQ_F1_S1
2013,35,121,111,1,swface,SEQ_F1_S1
2013,36,122,112,1,swface,SEQ_F1_S1
2013,37,123,113,1,swface,SEQ_F1_S1
2013,38,124,114,1,swface,SEQ_F1_S1
2013,39,125,115,1,swface,SEQ_F1_S1
2013,40,126,116,1,swface,SEQ_F1_S1
2013,41,127,117,1,swface,SEQ_F1_S1
2013,42,128,118,1,swface,SEQ_F1_S1
2013,43,129,119,1,swface,SEQ_F1_S1
2013,44,130,120,1,swface,SEQ_F1_S1
2013,45,131,121,0.96,swface,SEQ_F1_S1
2013,46,132,122,0.93,swface,SEQ_F1_S1
2013,47,133,123,0.84,swface,SEQ_F1_S1
2013,48,134,124,1,swface,SEQ_F1_S1
2013,49,135,125,0.74,swface,SEQ_F1_S1
2013,50,136,126,0.73,swface,SEQ_F1_S1
2013,51,137,127,0.62,swface,SEQ_F1_S1
2013,52,138,128,1,swface,SEQ_F1_S1
2013,53,139,129,1,swface,SEQ_F1_S1
2013,54,140,130,1,swface,SEQ_F1_S1
2013,55,141,131,0.97,swface,SEQ_F1_S1
2013,56,142,132,0.93,swface,SEQ_F1_S1
2013,57,143,133,0.96,swface,SEQ_F1_S1
2013,58,144,134,1,swface,SEQ_F1_S1
2013,59,145,135,0.86,swface,SEQ_F1_S1
2013,60,146,136,0.84,swface,SEQ_F1_S1
2013,61,147,137,0.72,swface,SEQ_F1_S1
2013,62,148,138,0.56,swface,SEQ_F1_S1
2013,63,149,139,0.46,swface,SEQ_F1_S1
2013,64,150,140,0.47,swface,SEQ_F1_S1
2013,65,151,141,0.53,swface,SEQ_F1_S1
2013,66,152,142,0.45,swface,SEQ_F1_S1
2013,67,153,143,0.98,swface,SEQ_F1_S1
2013,68,154,144,0.94,swface,SEQ_F1_S1
2013,69,155,145,1,swface,SEQ_F1_S1
2013,70,156,146,1,swface,SEQ_F1_S1
2013,71,157,147,1,swface,SEQ_F1_S1
2013,72,158,148,1,swface,SEQ_F1_S1
2013,73,159,149,1,swface,SEQ_F1_S1
2013,74,160,150,1,swface,SEQ_F1_S1
2013,75,161,151,1,swface,SEQ_F1_S1
2013,76,162,152,1,swface,SEQ_F1_S1
2013,77,163,153,1,swface,SEQ_F1_S1
2013,78,164,154,1,swface,SEQ_F1_S1
2013,79,165,155,1,swface,SEQ_F1_S1
2013,80,166,156,1,swface,SEQ_F1_S1
2013,81,167,157,1,swface,SEQ_F1_S1
2013,82,168,158,1,swface,SEQ_F1_S1
2013,83,169,159,1,swface,SEQ_F1_S1
2013,84,170,160,0.98,swface,SEQ_F1_S1
2013,85,171,161,1,swface,SEQ_F1_S1
2013,86,172,162,1,swface,SEQ_F1_S1
2013,87,173,163,0.87,swface,SEQ_F1_S1
2013,88,174,164,0.88,swface,SEQ_F1_S1
2013,89,175,165,0.79,swface,SEQ_F1_S1
2013,90,176,166,0.73,swface,SEQ_F1_S1
2013,91,177,167,0.65,swface,SEQ_F1_S1
2013,92,178,168,1,swface,SEQ_F1_S1
2013,93,179,169,1,swface,SEQ_F1_S1
2013,94,180,170,1,swface,SEQ_F1_S1
2013,95,181,171,1,swface,SEQ_F1_S1
2013,96,182,172,1,swface,SEQ_F1_S1
2013,97,183,173,1,swface,SEQ_F1_S1
2013,98,184,174,1,swface,SEQ_F1_S1
2013,99,185,175,1,swface,SEQ_F1_S1
2013,100,186,176,1,swface,SEQ_F1_S1
2013,101,187,177,0.99,swface,SEQ_F1_S1
2013,102,188,178,1,swface,SEQ_F1_S1
2013,103,189,179,1,swface,SEQ_F1_S1
2013,104,190,180,1,swface,SEQ_F1_S1
2013,105,191,181,1,swface,SEQ_F1_S1
2013,106,192,182,1,swface,SEQ_F1_S1
2013,107,193,183,1,swface,SEQ_F1_S1
2013,108,194,184,1,swface,SEQ_F1_S1
2013,109,195,185,0.99,swface,SEQ_F1_S1
2013,110,196,186,0.95,swface,SEQ_F1_S1
2013,111,197,187,0.93,swface,SEQ_F1_S1
2013,112,198,188,0.83,swface,SEQ_F1_S1
2013,113,199,189,0.85,swface,SEQ_F1_S1
2013,114,200,190,0.8,swface,SEQ_F1_S1
2013,115,201,191,0.78,swface,SEQ_F1_S1
2013,116,202,192,0.73,swface,SEQ_F1_S1
2013,117,203,193,0.69,swface,SEQ_F1_S1
2013,118,204,194,1,swface,SEQ_F1_S1
2013,119,205,195,1,swface,SEQ_F1_S1
2013,120,206,196,1,swface,SEQ_F1_S1
2013,121,207,197,1,swface,SEQ_F1_S1
2013,122,208,198,1,swface,SEQ_F1_S1
2013,123,209,199,1,swface,SEQ_F1_S1
2013,124,210,200,1,swface,SEQ_F1_S1
2013,125,211,201,1,swface,SEQ_F1_S1
2013,126,212,202,0.99,swface,SEQ_F1_S1
2013,127,213,203,0.95,swface,SEQ_F1_S1
2013,128,214,204,0.95,swface,SEQ_F1_S1
2013,129,215,205,0.91,swface,SEQ_F1_S1
2013,130,216,206,0.87,swface,SEQ_F1_S1
2013,131,217,207,1,swface,SEQ_F1_S1
2013,132,218,208,1,swface,SEQ_F1_S1
2013,133,219,209,1,swface,SEQ_F1_S1
2013,134,220,210,1,swface,SEQ_F1_S1
2013,135,221,211,1,swface,SEQ_F1_S1
2013,136,222,212,1,swface,SEQ_F1_S1
2013,137,223,213,1,swface,SEQ_F1_S1
2013,138,224,214,1,swface,SEQ_F1_S1
2013,139,225,215,1,swface,SEQ_F1_S1
2013,140,226,216,0.99,swface,SEQ_F1_S1
2013,141,227,217,1,swface,SEQ_F1_S1
2013,142,228,218,1,swface,SEQ_F1_S1
2013,143,229,219,1,swface,SEQ_F1_S1
2013,144,230,220,1,swface,SEQ_F1_S1
2013,145,231,221,1,swface,SEQ_F1_S1
2013,146,232,222,1,swface,SEQ_F1_S1
2013,147,233,223,1,swface,SEQ_F1_S1
2013,148,234,224,1,swface,SEQ_F1_S1
2013,149,235,225,1,swface,SEQ_F1_S1
2013,150,236,226,1,swface,SEQ_F1_S1
2013,151,237,227,1,swface,SEQ_F1_S1
2013,152,238,228,1,swface,SEQ_F1_S1
2013,153,239,229,1,swface,SEQ_F1_S1
2013,154,240,230,1,swface,SEQ_F1_S1
2013,155,241,231,1,swface,SEQ_F1_S1
2013,156,242,232,1,swface,SEQ_F1_S1
2013,157,243,233,1,swface,SEQ_F1_S1
2013,158,244,234,1,swface,SEQ_F1_S1
2013,159,245,235,1,swface,SEQ_F1_S1
2013,160,246,236,1,swface,SEQ_F1_S1
2013,161,247,237,1,swface,SEQ_F1_S1
2013,162,248,238,1,swface,SEQ_F1_S1
2013,163,249,239,1,swface,SEQ_F1_S1
2013,164,250,240,1,swface,SEQ_F1_S1
2013,165,251,241,1,swface,SEQ_F1_S1
2013,166,252,242,1,swface,SEQ_F1_S1
2013,167,253,243,1,swface,SEQ_F1_S1
2013,168,254,244,1,swface,SEQ_F1_S1
2013,169,255,245,1,swface,SEQ_F1_S1
2013,170,256,246,1,swface,SEQ_F1_S1
2013,171,257,247,1,swface,SEQ_F1_S1
2013,172,258,248,1,swface,SEQ_F1_S1
2013,173,259,249,1,swface,SEQ_F1_S1
2013,174,260,250,1,swface,SEQ_F1_S1
2013,175,261,251,1,swface,SEQ_F1_S1
2013,176,262,252,1,swface,SEQ_F1_S1
2013,177,263,253,1,swface,SEQ_F1_S1
2013,178,264,254,1,swface,SEQ_F1_S1
2013,179,265,255,1,swface,SEQ_F1_S1
2013,180,266,256,1,swface,SEQ_F1_S1
2013,181,267,257,1,swface,SEQ_F1_S1
2013,182,268,258,1,swface,SEQ_F1_S1
2013,183,269,259,1,swface,SEQ_F1_S1
2013,184,270,260,1,swface,SEQ_F1_S1
2013,185,271,261,1,swface,SEQ_F1_S1
2013,186,272,262,1,swface,SEQ_F1_S1
2013,187,273,263,1,swface,SEQ_F1_S1
2013,188,274,264,1,swface,SEQ_F1_S1
2013,189,275,265,1,swface,SEQ_F1_S1
2013,190,276,266,1,swface,SEQ_F1_S1
2013,191,277,267,1,swface,SEQ_F1_S1
2013,192,278,268,1,swface,SEQ_F1_S1
2013,193,279,269,1,swface,SEQ_F1_S1
2013,194,280,270,1,swface,SEQ_F1_S1
2013,195,281,271,1,swface,SEQ_F1_S1
2013,196,282,272,1,swface,SEQ_F1_S1
2013,197,283,273,1,swface,SEQ_F1_S1
2013,198,284,274,1,swface,SEQ_F1_S1
2013,199,285,275,1,swface,SEQ_F1_S1
2013,200,286,276,1,swface,SEQ_F1_S1
2013,201,287,277,1,swface,SEQ_F1_S1
2013,202,288,278,1,swface,SEQ_F1_S1
2013,203,289,279,1,swface,SEQ_F1_S1
2013,204,290,280,1,swface,SEQ_F1_S1
2013,205,291,281,1,swface,SEQ_F1_S1
2013,206,292,282,1,swface,SEQ_F1_S1
2013,207,293,283,1,swface,SEQ_F1_S1
2013,208,294,284,1,swface,SEQ_F1_S1
2013,209,295,285,1,swface,SEQ_F1_S1
2013,210,296,286,1,swface,SEQ_F1_S1
2013,211,297,287,1,swface,SEQ_F1_S1
2013,212,298,288,1,swface,SEQ_F1_S1
2013,213,299,289,1,swface,SEQ_F1_S1
2013,214,300,290,1,swface,SEQ_F1_S1
2013,215,301,291,0.97,swface,SEQ_F1_S1
2013,216,302,292,0.9,swface,SEQ_F1_S1
2013,217,303,293,1,swface,SEQ_F1_S1
2013,218,304,294,1,swface,SEQ_F1_S1
2013,219,305,295,1,swface,SEQ_F1_S1
2013,220,306,296,1,swface,SEQ_F1_S1
2013,221,307,297,1,swface,SEQ_F1_S1
2013,222,308,298,1,swface,SEQ_F1_S1
2013,223,309,299,1,swface,SEQ_F1_S1
2013,224,310,300,0.98,swface,SEQ_F1_S1
2013,225,311,301,1,swface,SEQ_F1_S1
2013,226,312,302,1,swface,SEQ_F1_S1
2013,227,313,303,1,swface,SEQ_F1_S1
2013,228,314,304,0.79,swface,SEQ_F1_S1
2013,229,315,305,0.99,swface,SEQ_F1_S1
2013,230,316,306,0.78,swface,SEQ_F1_S1
2013,231,317,307,0.6,swface,SEQ_F1_S1
2013,232,318,308,1,swface,SEQ_F1_S1
2013,233,319,309,1,swface,SEQ_F1_S1
2013,234,320,310,1,swface,SEQ_F1_S1
2013,235,321,311,1,swface,SEQ_F1_S1
2013,236,322,312,0.95,swface,SEQ_F1_S1
2013,237,323,313,0.79,swface,SEQ_F1_S1
2013,238,324,314,1,swface,SEQ_F1_S1
2013,239,325,315,1,swface,SEQ_F1_S1
2013,240,326,316,0.91,swface,SEQ_F1_S1
2013,241,327,317,0.6,swface,SEQ_F1_S1
2013,242,328,318,0.44,swface,SEQ_F1_S1
2013,243,329,319,0.39,swface,SEQ_F1_S1
2013,244,330,320,1,swface,SEQ_F1_S1
2013,245,331,321,1,swface,SEQ_F1_S1
2013,246,332,322,1,swface,SEQ_F1_S1
2013,247,333,323,1,swface,SEQ_F1_S1
2013,248,334,324,1,swface,SEQ_F1_S1
2013,249,335,325,0.88,swface,SEQ_F1_S1
2013,250,336,326,0.76,swface,SEQ_F1_S1
2013,251,337,327,0.61,swface,SEQ_F1_S1
2013,252,338,328,1,swface,SEQ_F1_S1
2013,253,339,329,1,swface,SEQ_F1_S1
2013,254,340,330,1,swface,SEQ_F1_S1
2013,255,341,331,0.94,swface,SEQ_F1_S1
2013,256,342,332,0.83,swface,SEQ_F1_S1
2013,257,343,333,0.68,swface,SEQ_F1_S1
2013,258,344,334,0.65,swface,SEQ_F1_S1
2013,259,345,335,0.68,swface,SEQ_F1_S1
2013,260,346,336,1,swface,SEQ_F1_S1
2013,261,347,337,1,swface,SEQ_F1_S1
2013,262,348,338,1,swface,SEQ_F1_S1
2013,263,349,339,0.93,swface,SEQ_F1_S1
2013,264,350,340,0.63,swface,SEQ_F1_S1
2013,265,351,341,0.99,swface,SEQ_F1_S1
2013,266,352,342,0.88,swface,SEQ_F1_S1
2013,267,353,343,1,swface,SEQ_F1_S1
2013,268,354,344,0.47,swface,SEQ_F1_S1
2013,269,355,345,0.37,swface,SEQ_F1_S1
2013,270,356,346,0.28,swface,SEQ_F1_S1
2013,271,357,347,0.27,swface,SEQ_F1_S1
2013,272,358,348,0.95,swface,SEQ_F1_S1
2013,273,359,349,0.77,swface,SEQ_F1_S1
2013,274,360,350,0.68,swface,SEQ_F1_S1
2013,275,361,351,1,swface,SEQ_F1_S1
2013,276,362,352,1,swface,SEQ_F1_S1
2013,277,363,353,1,swface,SEQ_F1_S1
2013,278,364,354,1,swface,SEQ_F1_S1
2013,279,365,355,1,swface,SEQ_F1_S1
2013,280,366,356,1,swface,SEQ_F1_S1
2013,281,367,357,1,swface,SEQ_F1_S1
2013,282,368,358,0.85,swface,SEQ_F1_S1
2013,283,369,359,0.73,swface,SEQ_F1_S1
2013,284,370,360,1,swface,SEQ_F1_S1
2013,285,371,361,1,swface,SEQ_F1_S1
2013,286,372,362,1,swface,SEQ_F1_S1
2013,287,373,363,0.87,swface,SEQ_F1_S1
2013,288,374,0,1,swface,SEQ_F1_S1
2013,289,375,1,1,swface,SEQ_F1_S1
2013,290,376,2,1,swface,SEQ_F1_S1
2013,291,377,3,1,swface,SEQ_F1_S1
2013,292,378,4,1,swface,SEQ_F1_S1
2013,293,379,5,1,swface,SEQ_F1_S1
2013,294,380,6,1,swface,SEQ_F1_S1
2013,295,381,7,1,swface,SEQ_F1_S1
2013,296,382,8,1,swface,SEQ_F1_S1
2013,297,383,9,1,swface,SEQ_F1_S1
2013,298,384,10,1,swface,SEQ_F1_S1
2013,299,385,11,1,swface,SEQ_F1_S1
2013,300,386,12,1,swface,SEQ_F1_S1
2013,301,387,13,1,swface,SEQ_F1_S1
2013,302,388,14,1,swface,SEQ_F1_S1
2013,303,389,15,1,swface,SEQ_F1_S1
2013,304,390,16,1,swface,SEQ_F1_S1
2013,305,391,17,1,swface,SEQ_F1_S1
2013,306,392,18,1,swface,SEQ_F1_S1
2013,307,393,19,1,swface,SEQ_F1_S1
2013,308,394,20,1,swface,SEQ_F1_S1
2013,309,395,21,1,swface,SEQ_F1_S1
2013,310,396,22,1,swface,SEQ_F1_S1
2013,311,397,23,1,swface,SEQ_F1_S1
2013,312,398,24,1,swface,SEQ_F1_S1
2013,313,399,25,1,swface,SEQ_F1_S1
2013,314,400,26,1,swface,SEQ_F1_S1
2013,315,401,27,1,swface,SEQ_F1_S1
2013,316,402,28,1,swface,SEQ_F1_S1
2013,317,403,29,1,swface,SEQ_F1_S1
2013,318,404,30,1,swface,SEQ_F1_S1
2013,319,405,31,1,swface,SEQ_F1_S1
2013,320,406,32,1,swface,SEQ_F1_S1
2013,321,407,33,1,swface,SEQ_F1_S1
2013,322,408,34,1,swface,SEQ_F1_S1
2013,323,409,35,1,swface,SEQ_F1_S1
2013,324,410,36,1,swface,SEQ_F1_S1
2013,325,411,37,1,swface,SEQ_F1_S1
2013,326,412,38,1,swface,SEQ_F1_S1
2013,327,413,39,1,swface,SEQ_F1_S1
2013,328,414,40,1,swface,SEQ_F1_S1
2013,329,415,41,1,swface,SEQ_F1_S1
2013,330,416,42,1,swface,SEQ_F1_S1
2013,331,417,43,1,swface,SEQ_F1_S1
2013,332,418,44,1,swface,SEQ_F1_S1
2013,333,419,45,1,swface,SEQ_F1_S1
2013,334,420,46,1,swface,SEQ_F1_S1
2013,335,421,47,1,swface,SEQ_F1_S1
2013,336,422,48,1,swface,SEQ_F1_S1
2013,337,423,49,1,swface,SEQ_F1_S1
2013,338,424,50,1,swface,SEQ_F1_S1
2013,339,425,51,1,swface,SEQ_F1_S1
2013,340,426,52,1,swface,SEQ_F1_S1
2013,341,427,53,1,swface,SEQ_F1_S1
2013,342,428,54,1,swface,SEQ_F1_S1
2013,343,429,55,1,swface,SEQ_F1_S1
2013,344,430,56,1,swface,SEQ_F1_S1
2013,345,431,57,1,swface,SEQ_F1_S1
2013,346,432,58,1,swface,SEQ_F1_S1
2013,347,433,59,1,swface,SEQ_F1_S1
2013,348,434,60,1,swface,SEQ_F1_S1
2013,349,435,61,1,swface,SEQ_F1_S1
2013,350,436,62,1,swface,SEQ_F1_S1
2013,351,437,63,1,swface,SEQ_F1_S1
2013,352,438,64,1,swface,SEQ_F1_S1
2013,353,439,65,1,swface,SEQ_F1_S1
2013,354,440,66,1,swface,SEQ_F1_S1
2013,355,441,67,1,swface,SEQ_F1_S1
2013,356,442,68,0.93,swface,SEQ_F1_S1
2013,357,443,69,0.93,swface,SEQ_F1_S1
2013,358,444,70,0.84,swface,SEQ_F1_S1
2013,359,445,71,0.88,swface,SEQ_F1_S1
2013,360,446,72,0.36,swface,SEQ_F1_S1
2013,361,447,73,1,swface,SEQ_F1_S1
2013,362,448,74,1,swface,SEQ_F1_S1
2013,363,449,75,1,swface,SEQ_F1_S1
2013,364,450,76,1,swface,SEQ_F1_S1
2013,365,451,77,1,swface,SEQ_F1_S1
2014,1,452,78,1,swface,SEQ_F1_S1
2014,2,453,79,1,swface,SEQ_F1_S1
2014,3,454,80,1,swface,SEQ_F1_S1
2014,4,455,81,1,swface,SEQ_F1_S1
2014,5,456,82,1,swface,SEQ_F1_S1
2014,6,457,83,1,swface,SEQ_F1_S1
2014,7,458,84,1,swface,SEQ_F1_S1
2014,8,459,85,1,swface,SEQ_F1_S1
2014,9,460,86,0.76,swface,SEQ_F1_S1
2014,10,461,87,0.58,swface,SEQ_F1_S1
2014,11,462,88,0.62,swface,SEQ_F1_S1
2014,12,463,89,0.71,swface,SEQ_F1_S1
2014,13,464,90,0.96,swface,SEQ_F1_S1
2014,14,465,91,1,swface,SEQ_F1_S1
2014,15,466,92,1,swface,SEQ_F1_S1
2014,16,467,93,1,swface,SEQ_F1_S1
2014,17,468,94,1,swface,SEQ_F1_S1
2014,18,469,95,1,swface,SEQ_F1_S1
2014,19,470,96,1,swface,SEQ_F1_S1
2014,20,471,97,0.83,swface,SEQ_F1_S1
2014,21,472,98,0.63,swface,SEQ_F1_S1
2014,22,473,99,0.59,swface,SEQ_F1_S1
2014,23,474,100,0.46,swface,SEQ_F1_S1
2014,24,475,101,0.39,swface,SEQ_F1_S1
2014,25,476,102,0.32,swface,SEQ_F1_S1
2014,26,477,103,0.26,swface,SEQ_F1_S1
2014,27,478,104,0.24,swface,SEQ_F1_S1
2014,28,479,105,0.19,swface,SEQ_F1_S1
2014,29,480,106,0.16,swface,SEQ_F1_S1
2014,30,481,107,0.17,swface,SEQ_F1_S1
2014,31,482,108,0.18,swface,SEQ_F1_S1
2014,32,483,109,0.14,swface,SEQ_F1_S1
2014,33,484,110,0.12,swface,SEQ_F1_S1
2014,34,485,111,0.12,swface,SEQ_F1_S1
2014,35,486,112,0.11,swface,SEQ_F1_S1
2014,36,487,113,0.12,swface,SEQ_F1_S1
2014,37,488,114,0.11,swface,SEQ_F1_S1
2014,38,489,115,0.09,swface,SEQ_F1_S1
2014,39,490,116,0.09,swface,SEQ_F1_S1
2014,40,491,117,0.1,swface,SEQ_F1_S1
2014,41,492,118,0.1,swface,SEQ_F1_S1
2014,42,493,119,0.11,swface,SEQ_F1_S1
2014,43,494,120,0.49,swface,SEQ_F1_S1
2014,44,495,121,0.22,swface,SEQ_F1_S1
2014,45,496,122,0.22,swface,SEQ_F1_S1
2014,46,497,123,1,swface,SEQ_F1_S1
2014,47,498,124,0.97,swface,SEQ_F1_S1
2014,48,499,125,0.96,swface,SEQ_F1_S1
2014,49,500,126,0.45,swface,SEQ_F1_S1
2014,50,501,127,0.19,swface,SEQ_F1_S1
2014,51,502,128,0.17,swface,SEQ_F1_S1
2014,52,503,129,0.55,swface,SEQ_F1_S1
2014,53,504,130,0.4,swface,SEQ_F1_S1
2014,54,505,131,0.33,swface,SEQ_F1_S1
2014,55,506,132,0.7,swface,SEQ_F1_S1
2014,56,507,133,0.72,swface,SEQ_F1_S1
2014,57,508,134,0.39,swface,SEQ_F1_S1
2014,58,509,135,0.29,swface,SEQ_F1_S1
2014,59,510,136,0.38,swface,SEQ_F1_S1
2014,60,511,137,0.99,swface,SEQ_F1_S1
2014,61,512,138,1,swface,SEQ_F1_S1
2014,62,513,139,0.8,swface,SEQ_F1_S1
2014,63,514,140,0.49,swface,SEQ_F1_S1
2014,64,515,141,1,swface,SEQ_F1_S1
2014,65,516,142,1,swface,SEQ_F1_S1
2014,66,517,143,1,swface,SEQ_F1_S1
2014,67,518,144,1,swface,SEQ_F1_S1
2014,68,519,145,1,swface,SEQ_F1_S1
2014,69,520,146,1,swface,SEQ_F1_S1
2014,70,521,147,1,swface,SEQ_F1_S1
2014,71,522,148,1,swface,SEQ_F1_S1
2014,72,523,149,1,swface,SEQ_F1_S1
2014,73,524,150,1,swface,SEQ_F1_S1
2014,74,525,151,1,swface,SEQ_F1_S1
2014,75,526,152,0.89,swface,SEQ_F1_S1
2014,76,527,153,0.77,swface,SEQ_F1_S1
2014,77,528,154,0.71,swface,SEQ_F1_S1
2014,78,529,155,0.56,swface,SEQ_F1_S1
2014,79,530,156,0.55,swface,SEQ_F1_S1
2014,80,531,157,0.94,swface,SEQ_F1_S1
2014,81,532,158,1,swface,SEQ_F1_S1
2014,82,533,159,1,swface,SEQ_F1_S1
2014,83,534,160,0.87,swface,SEQ_F1_S1
2014,84,535,161,0.62,swface,SEQ_F1_S1
2014,85,536,162,0.5,swface,SEQ_F1_S1
2014,86,537,163,0.39,swface,SEQ_F1_S1
2014,87,538,164,0.31,swface,SEQ_F1_S1
2014,88,539,165,0.34,swface,SEQ_F1_S1
2014,89,540,166,1,swface,SEQ_F1_S1
2014,90,541,167,1,swface,SEQ_F1_S1
2014,91,542,168,1,swface,SEQ_F1_S1
2014,92,543,169,0.98,swface,SEQ_F1_S1
2014,93,544,170,0.82,swface,SEQ_F1_S1
2014,94,545,171,0.52,swface,SEQ_F1_S1
2014,95,546,172,0.39,swface,SEQ_F1_S1
2014,96,547,173,0.32,swface,SEQ_F1_S1
2014,97,548,174,0.27,swface,SEQ_F1_S1
2014,98,549,175,0.25,swface,SEQ_F1_S1
2014,99,550,176,0.29,swface,SEQ_F1_S1
2014,100,551,177,0.34,swface,SEQ_F1_S1
2014,101,552,178,0.21,swface,SEQ_F1_S1
2014,102,553,179,0.19,swface,SEQ_F1_S1
2014,103,554,180,0.53,swface,SEQ_F1_S1
2014,104,555,181,0.64,swface,SEQ_F1_S1
2014,105,556,182,1,swface,SEQ_F1_S1
2014,106,557,183,1,swface,SEQ_F1_S1
2014,107,558,184,1,swface,SEQ_F1_S1
2014,108,559,185,1,swface,SEQ_F1_S1
2014,109,560,186,1,swface,SEQ_F1_S1
2014,110,561,187,1,swface,SEQ_F1_S1
2014,111,562,188,0.8,swface,SEQ_F1_S1
2014,112,563,189,1,swface,SEQ_F1_S1
2014,113,564,190,1,swface,SEQ_F1_S1
2014,114,565,191,0.73,swface,SEQ_F1_S1
2014,115,566,192,0.49,swface,SEQ_F1_S1
2014,116,567,193,0.46,swface,SEQ_F1_S1
2014,117,568,194,1,swface,SEQ_F1_S1
2014,118,569,195,1,swface,SEQ_F1_S1
2014,119,570,196,0.69,swface,SEQ_F1_S1
2014,120,571,197,0.64,swface,SEQ_F1_S1
2014,121,572,198,0.6,swface,SEQ_F1_S1
2014,122,573,199,1,swface,SEQ_F1_S1
2014,123,574,200,1,swface,SEQ_F1_S1
2014,124,575,201,1,swface,SEQ_F1_S1
2014,125,576,202,0.99,swface,SEQ_F1_S1
2014,126,577,203,0.8,swface,SEQ_F1_S1
2014,127,578,204,0.75,swface,SEQ_F1_S1
2014,128,579,205,0.45,swface,SEQ_F1_S1
2014,129,580,206,0.49,swface,SEQ_F1_S1
2014,130,581,207,0.39,swface,SEQ_F1_S1
2014,131,582,208,0.35,swface,SEQ_F1_S1
2014,132,583,209,0.32,swface,SEQ_F1_S1
2014,133,584,210,0.3,swface,SEQ_F1_S1
2014,134,585,211,0.33,swface,SEQ_F1_S1
2014,135,586,212,0.25,swface,SEQ_F1_S1
2014,136,587,213,0.25,swface,SEQ_F1_S1
2014,137,588,214,0.24,swface,SEQ_F1_S1
2014,138,589,215,0.29,swface,SEQ_F1_S1
2014,139,590,216,0.19,swface,SEQ_F1_S1
2014,140,591,217,0.17,swface,SEQ_F1_S1
2014,141,592,218,0.16,swface,SEQ_F1_S1
2014,142,593,219,0.21,swface,SEQ_F1_S1
2014,143,594,220,1,swface,SEQ_F1_S1
2014,144,595,221,1,swface,SEQ_F1_S1
2014,145,596,222,1,swface,SEQ_F1_S1
2014,146,597,223,1,swface,SEQ_F1_S1
2014,147,598,224,1,swface,SEQ_F1_S1
2014,148,599,225,1,swface,SEQ_F1_S1
2014,149,600,226,1,swface,SEQ_F1_S1
2014,150,601,227,1,swface,SEQ_F1_S1
2014,151,602,228,1,swface,SEQ_F1_S1
2014,152,603,229,1,swface,SEQ_F1_S1
2014,153,604,230,1,swface,SEQ_F1_S1
2014,154,605,231,0.95,swface,SEQ_F1_S1
2014,155,606,232,0.78,swface,SEQ_F1_S1
2014,156,607,233,0.75,swface,SEQ_F1_S1
2014,157,608,234,1,swface,SEQ_F1_S1
2014,158,609,235,0.45,swface,SEQ_F1_S1
2014,159,610,236,0.38,swface,SEQ_F1_S1
2014,160,611,237,0.41,swface,SEQ_F1_S1
2014,161,612,238,0.54,swface,SEQ_F1_S1
2014,162,613,239,0.33,swface,SEQ_F1_S1
2014,163,614,240,0.31,swface,SEQ_F1_S1
2014,164,615,241,0.26,swface,SEQ_F1_S1
2014,165,616,242,0.28,swface,SEQ_F1_S1
2014,166,617,243,0.25,swface,SEQ_F1_S1
2014,167,618,244,0.24,swface,SEQ_F1_S1
2014,168,619,245,1,swface,SEQ_F1_S1
2014,169,620,246,1,swface,SEQ_F1_S1
2014,170,621,247,1,swface,SEQ_F1_S1
2014,171,622,248,1,swface,SEQ_F1_S1
2014,172,623,249,1,swface,SEQ_F1_S1
2014,173,624,250,1,swface,SEQ_F1_S1
2014,174,625,251,1,swface,SEQ_F1_S1
2014,175,626,252,0.99,swface,SEQ_F1_S1
2014,176,627,253,0.92,swface,SEQ_F1_S1
2014,177,628,254,0.77,swface,SEQ_F1_S1
2014,178,629,255,0.61,swface,SEQ_F1_S1
2014,179,630,256,0.55,swface,SEQ_F1_S1
2014,180,631,257,0.79,swface,SEQ_F1_S1
2014,181,632,258,0.44,swface,SEQ_F1_S1
2014,182,633,259,0.39,swface,SEQ_F1_S1
2014,183,634,260,0.33,swface,SEQ_F1_S1
2014,184,635,261,0.29,swface,SEQ_F1_S1
2014,185,636,262,0.26,swface,SEQ_F1_S1
2014,186,637,263,0.25,swface,SEQ_F1_S1
2014,187,638,264,0.23,swface,SEQ_F1_S1
2014,188,639,265,0.55,swface,SEQ_F1_S1
2014,189,640,266,0.42,swface,SEQ_F1_S1
2014,190,641,267,1,swface,SEQ_F1_S1
2014,191,642,268,1,swface,SEQ_F1_S1
2014,192,643,269,1,swface,SEQ_F1_S1
2014,193,644,270,1,swface,SEQ_F1_S1
2014,194,645,271,0.57,swface,SEQ_F1_S1
2014,195,646,272,0.48,swface,SEQ_F1_S1
2014,196,647,0,1,swface,SEQ_F1_S1
2014,197,648,1,1,swface,SEQ_F1_S1
2014,198,649,2,1,swface,SEQ_F1_S1
2014,199,650,3,1,swface,SEQ_F1_S1
2014,200,651,4,1,swface,SEQ_F1_S1
2014,201,652,5,1,swface,SEQ_F1_S1
2014,202,653,6,1,swface,SEQ_F1_S1
2014,203,654,7,1,swface,SEQ_F1_S1
2014,204,655,8,1,swface,SEQ_F1_S1
2014,205,656,9,1,swface,SEQ_F1_S1
2014,206,657,10,1,swface,SEQ_F1_S1
2014,207,658,11,1,swface,SEQ_F1_S1
2014,208,659,12,1,swface,SEQ_F1_S1
2014,209,660,13,1,swface,SEQ_F1_S1
2014,210,661,14,1,swface,SEQ_F1_S1
2014,211,662,15,1,swface,SEQ_F1_S1
2014,212,663,16,1,swface,SEQ_F1_S1
2014,213,664,17,1,swface,SEQ_F1_S1
2014,214,665,18,1,swface,SEQ_F1_S1
2014,215,666,19,1,swface,SEQ_F1_S1
2014,216,667,20,1,swface,SEQ_F1_S1
2014,217,668,21,1,swface,SEQ_F1_S1
2014,218,669,22,1,swface,SEQ_F1_S1
2014,219,670,23,1,swface,SEQ_F1_S1
2014,220,671,24,1,swface,SEQ_F1_S1
2014,221,672,25,1,swface,SEQ_F1_S1
2014,222,673,26,1,swface,SEQ_F1_S1
2014,223,674,27,1,swface,SEQ_F1_S1
2014,224,675,28,1,swface,SEQ_F1_S1
2014,225,676,29,1,swface,SEQ_F1_S1
2014,226,677,30,1,swface,SEQ_F1_S1
2014,227,678,31,1,swface,SEQ_F1_S1
2014,228,679,32,1,swface,SEQ_F1_S1
2014,229,680,33,1,swface,SEQ_F1_S1
2014,230,681,34,1,swface,SEQ_F1_S1
2014,231,682,35,1,swface,SEQ_F1_S1
2014,232,683,36,1,swface,SEQ_F1_S1
2014,233,684,37,1,swface,SEQ_F1_S1
2014,234,685,38,1,swface,SEQ_F1_S1
2014,235,686,39,1,swface,SEQ_F1_S1
2014,236,687,40,0.58,swface,SEQ_F1_S1
2014,237,688,41,0.55,swface,SEQ_F1_S1
2014,238,689,42,0.64,swface,SEQ_F1_S1
2014,239,690,43,0.62,swface,SEQ_F1_S1
2014,240,691,44,0.76,swface,SEQ_F1_S1
2014,241,692,45,0.69,swface,SEQ_F1_S1
2014,242,693,46,0.54,swface,SEQ_F1_S1
2014,243,694,47,0.43,swface,SEQ_F1_S1
2014,244,695,48,0.78,swface,SEQ_F1_S1
2014,245,696,49,1,swface,SEQ_F1_S1
2014,246,697,50,1,swface,SEQ_F1_S1
2014,247,698,51,1,swface,SEQ_F1_S1
2014,248,699,52,1,swface,SEQ_F1_S1
2014,249,700,53,1,swface,SEQ_F1_S1
2014,250,701,54,1,swface,SEQ_F1_S1
2014,251,702,55,1,swface,SEQ_F1_S1
2014,252,703,56,1,swface,SEQ_F1_S1
2014,253,704,57,1,swface,SEQ_F1_S1
2014,254,705,58,1,swface,SEQ_F1_S1
2014,255,706,59,1,swface,SEQ_F1_S1
2014,256,707,60,1,swface,SEQ_F1_S1
2014,257,708,61,1,swface,SEQ_F1_S1
2014,258,709,62,0.96,swface,SEQ_F1_S1
2014,259,710,63,0.94,swface,SEQ_F1_S1
2014,260,711,64,0.85,swface,SEQ_F1_S1
2014,261,712,65,0.88,swface,SEQ_F1_S1
2014,262,713,66,1,swface,SEQ_F1_S1
2014,263,714,67,1,swface,SEQ_F1_S1
2014,264,715,68,1,swface,SEQ_F1_S1
2014,265,716,69,1,swface,SEQ_F1_S1
2014,266,717,70,0.94,swface,SEQ_F1_S1
2014,267,718,71,0.42,swface,SEQ_F1_S1
2014,268,719,72,1,swface,SEQ_F1_S1
2014,269,720,73,1,swface,SEQ_F1_S1
2014,270,721,74,1,swface,SEQ_F1_S1
2014,271,722,75,1,swface,SEQ_F1_S1
2014,272,723,76,1,swface,SEQ_F1_S1
2014,273,724,77,1,swface,SEQ_F1_S1
2014,274,725,78,1,swface,SEQ_F1_S1
2014,275,726,79,1,swface,SEQ_F1_S1
2014,276,727,80,1,swface,SEQ_F1_S1
2014,277,728,81,1,swface,SEQ_F1_S1
2014,278,729,82,0.89,swface,SEQ_F1_S1
2014,279,730,83,0.76,swface,SEQ_F1_S1
2014,280,731,84,0.88,swface,SEQ_F1_S1
2014,281,732,85,0.52,swface,SEQ_F1_S1
2014,282,733,86,1,swface,SEQ_F1_S1
2014,283,734,87,1,swface,SEQ_F1_S1
2014,284,735,88,0.99,swface,SEQ_F1_S1
2014,285,736,89,0.76,swface,SEQ_F1_S1
2014,286,737,90,0.6,swface,SEQ_F1_S1
2014,287,738,91,0.43,swface,SEQ_F1_S1
2014,288,739,92,0.39,swface,SEQ_F1_S1
2014,289,740,93,0.38,swface,SEQ_F1_S1
2014,290,741,94,0.28,swface,SEQ_F1_S1
2014,291,742,95,0.27,swface,SEQ_F1_S1
2014,292,743,96,0.21,swface,SEQ_F1_S1
2014,293,744,97,0.57,swface,SEQ_F1_S1
2014,294,745,98,0.26,swface,SEQ_F1_S1
2014,295,746,99,0.16,swface,SEQ_F1_S1
2014,296,747,100,0.15,swface,SEQ_F1_S1
2014,297,748,101,0.13,swface,SEQ_F1_S1
2014,298,749,102,0.42,swface,SEQ_F1_S1
2014,299,750,103,0.65,swface,SEQ_F1_S1
2014,300,751,104,0.52,swface,SEQ_F1_S1
2014,301,752,105,0.17,swface,SEQ_F1_S1
2014,302,753,106,0.09,swface,SEQ_F1_S1
2014,303,754,107,0.06,swface,SEQ_F1_S1
2014,304,755,108,0.06,swface,SEQ_F1_S1
2014,305,756,109,0.08,swface,SEQ_F1_S1
2014,306,757,110,0.05,swface,SEQ_F1_S1
2014,307,758,111,1,swface,SEQ_F1_S1
2014,308,759,112,1,swface,SEQ_F1_S1
2014,309,760,113,1,swface,SEQ_F1_S1
2014,310,761,114,1,swface,SEQ_F1_S1
2014,311,762,115,1,swface,SEQ_F1_S1
2014,312,763,116,1,swface,SEQ_F1_S1
2014,313,764,117,1,swface,SEQ_F1_S1
2014,314,765,118,1,swface,SEQ_F1_S1
2014,315,766,119,0.78,swface,SEQ_F1_S1
2014,316,767,120,1,swface,SEQ_F1_S1
2014,317,768,121,0.66,swface,SEQ_F1_S1
2014,318,769,122,0.97,swface,SEQ_F1_S1
2014,319,770,123,0.75,swface,SEQ_F1_S1
2014,320,771,124,0.52,swface,SEQ_F1_S1
2014,321,772,125,0.4,swface,SEQ_F1_S1
2014,322,773,126,0.29,swface,SEQ_F1_S1
2014,323,774,127,0.23,swface,SEQ_F1_S1
2014,324,775,128,0.59,swface,SEQ_F1_S1
2014,325,776,129,0.16,swface,SEQ_F1_S1
2014,326,777,130,0.66,swface,SEQ_F1_S1
2014,327,778,131,0.57,swface,SEQ_F1_S1
2014,328,779,132,0.34,swface,SEQ_F1_S1
2014,329,780,133,0.65,swface,SEQ_F1_S1
2014,330,781,134,1,swface,SEQ_F1_S1
2014,331,782,135,1,swface,SEQ_F1_S1
2014,332,783,136,1,swface,SEQ_F1_S1
2014,333,784,137,1,swface,SEQ_F1_S1
2014,334,785,138,0.92,swface,SEQ_F1_S1
2014,335,786,139,0.86,swface,SEQ_F1_S1
2014,336,787,140,0.75,swface,SEQ_F1_S1
2014,337,788,141,0.76,swface,SEQ_F1_S1
2014,338,789,142,0.73,swface,SEQ_F1_S1
2014,339,790,143,0.57,swface,SEQ_F1_S1
2014,340,791,144,0.35,swface,SEQ_F1_S1
2014,341,792,145,0.45,swface,SEQ_F1_S1
2014,342,793,146,0.54,swface,SEQ_F1_S1
2014,343,794,147,0.37,swface,SEQ_F1_S1
2014,344,795,148,1,swface,SEQ_F1_S1
2014,345,796,149,1,swface,SEQ_F1_S1
2014,346,797,150,1,swface,SEQ_F1_S1
2014,347,798,151,1,swface,SEQ_F1_S1
2014,348,799,152,1,swface,SEQ_F1_S1
2014,349,800,153,0.99,swface,SEQ_F1_S1
2014,350,801,154,0.83,swface,SEQ_F1_S1
2014,351,802,155,0.65,swface,SEQ_F1_S1
2014,352,803,156,0.5,swface,SEQ_F1_S1
2014,353,804,157,0.49,swface,SEQ_F1_S1
2014,354,805,158,0.5,swface,SEQ_F1_S1
2014,355,806,159,1,swface,SEQ_F1_S1
2014,356,807,160,1,swface,SEQ_F1_S1
2014,357,808,161,1,swface,SEQ_F1_S1
2014,358,809,162,1,swface,SEQ_F1_S1
2014,359,810,163,0.99,swface,SEQ_F1_S1
2014,360,811,164,0.87,swface,SEQ_F1_S1
2014,361,812,165,0.7,swface,SEQ_F1_S1
2014,362,813,166,0.57,swface,SEQ_F1_S1
2014,363,814,167,0.65,swface,SEQ_F1_S1
2014,364,815,168,1,swface,SEQ_F1_S1
2014,365,816,169,1,swface,SEQ_F1_S1
2015,1,817,170,0.93,swface,SEQ_F1_S1
2015,2,818,171,0.98,swface,SEQ_F1_S1
2015,3,819,172,1,swface,SEQ_F1_S1
2015,4,820,173,1,swface,SEQ_F1_S1
2015,5,821,174,0.95,swface,SEQ_F1_S1
2015,6,822,175,1,swface,SEQ_F1_S1
2015,7,823,176,0.99,swface,SEQ_F1_S1
2015,8,824,177,0.77,swface,SEQ_F1_S1
2015,9,825,178,0.58,swface,SEQ_F1_S1
2015,10,826,179,0.49,swface,SEQ_F1_S1
2015,11,827,180,0.43,swface,SEQ_F1_S1
2015,12,828,181,0.42,swface,SEQ_F1_S1
2015,13,829,182,0.37,swface,SEQ_F1_S1
2015,14,830,183,0.48,swface,SEQ_F1_S1
2015,15,831,184,0.3,swface,SEQ_F1_S1
2015,16,832,185,0.26,swface,SEQ_F1_S1
2015,17,833,186,0.24,swface,SEQ_F1_S1
2015,18,834,187,0.21,swface,SEQ_F1_S1
2015,19,835,188,0.18,swface,SEQ_F1_S1
2015,20,836,189,0.19,swface,SEQ_F1_S1
2015,21,837,190,0.27,swface,SEQ_F1_S1
2015,22,838,191,0.79,swface,SEQ_F1_S1
2015,23,839,192,0.75,swface,SEQ_F1_S1
2015,24,840,193,0.41,swface,SEQ_F1_S1
2015,25,841,194,0.33,swface,SEQ_F1_S1
2015,26,842,195,0.99,swface,SEQ_F1_S1
2015,27,843,196,1,swface,SEQ_F1_S1
2015,28,844,197,1,swface,SEQ_F1_S1
2015,29,845,198,0.75,swface,SEQ_F1_S1
2015,30,846,199,1,swface,SEQ_F1_S1
2015,31,847,200,0.76,swface,SEQ_F1_S1
2015,32,848,201,0.54,swface,SEQ_F1_S1
2015,33,849,202,0.49,swface,SEQ_F1_S1
2015,34,850,203,0.62,swface,SEQ_F1_S1
2015,35,851,204,0.97,swface,SEQ_F1_S1
2015,36,852,205,1,swface,SEQ_F1_S1
2015,37,853,206,1,swface,SEQ_F1_S1
2015,38,854,207,0.99,swface,SEQ_F1_S1
2015,39,855,208,0.77,swface,SEQ_F1_S1
2015,40,856,209,0.71,swface,SEQ_F1_S1
2015,41,857,210,0.84,swface,SEQ_F1_S1
2015,42,858,211,1,swface,SEQ_F1_S1
2015,43,859,212,1,swface,SEQ_F1_S1
2015,44,860,213,1,swface,SEQ_F1_S1
2015,45,861,214,0.92,swface,SEQ_F1_S1
2015,46,862,215,1,swface,SEQ_F1_S1
2015,47,863,216,1,swface,SEQ_F1_S1
2015,48,864,217,1,swface,SEQ_F1_S1
2015,49,865,218,1,swface,SEQ_F1_S1
2015,50,866,219,1,swface,SEQ_F1_S1
2015,51,867,220,1,swface,SEQ_F1_S1
2015,52,868,221,0.88,swface,SEQ_F1_S1
2015,53,869,222,0.77,swface,SEQ_F1_S1
2015,54,870,223,0.62,swface,SEQ_F1_S1
2015,55,871,224,0.47,swface,SEQ_F1_S1
2015,56,872,225,1,swface,SEQ_F1_S1
2015,57,873,226,1,swface,SEQ_F1_S1
2015,58,874,227,1,swface,SEQ_F1_S1
2015,59,875,228,1,swface,SEQ_F1_S1
2015,60,876,229,0.99,swface,SEQ_F1_S1
2015,61,877,230,0.92,swface,SEQ_F1_S1
2015,62,878,231,0.81,swface,SEQ_F1_S1
2015,63,879,232,0.67,swface,SEQ_F1_S1
2015,64,880,233,0.99,swface,SEQ_F1_S1
2015,65,881,234,1,swface,SEQ_F1_S1
2015,66,882,235,0.95,swface,SEQ_F1_S1
2015,67,883,236,1,swface,SEQ_F1_S1
2015,68,884,237,1,swface,SEQ_F1_S1
2015,69,885,238,1,swface,SEQ_F1_S1
2015,70,886,239,1,swface,SEQ_F1_S1
2015,71,887,240,1,swface,SEQ_F1_S1
2015,72,888,241,1,swface,SEQ_F1_S1
2015,73,889,242,1,swface,SEQ_F1_S1
2015,74,890,243,1,swface,SEQ_F1_S1
2015,75,891,244,1,swface,SEQ_F1_S1
2015,76,892,245,1,swface,SEQ_F1_S1
2015,77,893,246,1,swface,SEQ_F1_S1
2015,78,894,247,1,swface,SEQ_F1_S1
2015,79,895,248,1,swface,SEQ_F1_S1
2015,80,896,249,1,swface,SEQ_F1_S1
2015,81,897,250,1,swface,SEQ_F1_S1
2015,82,898,251,1,swface,SEQ_F1_S1
2015,83,899,252,1,swface,SEQ_F1_S1
2015,84,900,253,0.99,swface,SEQ_F1_S1
2015,85,901,254,0.97,swface,SEQ_F1_S1
2015,86,902,255,0.83,swface,SEQ_F1_S1
2015,87,903,256,0.81,swface,SEQ_F1_S1
2015,88,904,257,0.88,swface,SEQ_F1_S1
2015,89,905,258,1,swface,SEQ_F1_S1
2015,90,906,259,1,swface,SEQ_F1_S1
2015,91,907,260,0.85,swface,SEQ_F1_S1
2015,92,908,261,0.67,swface,SEQ_F1_S1
2015,93,909,262,0.62,swface,SEQ_F1_S1
2015,94,910,263,0.71,swface,SEQ_F1_S1
2015,95,911,264,0.83,swface,SEQ_F1_S1
2015,96,912,265,0.86,swface,SEQ_F1_S1
2015,97,913,266,1,swface,SEQ_F1_S1
2015,98,914,267,0.74,swface,SEQ_F1_S1
2015,99,915,268,0.63,swface,SEQ_F1_S1
2015,100,916,269,0.59,swface,SEQ_F1_S1
2015,101,917,270,0.49,swface,SEQ_F1_S1
2015,102,918,271,0.47,swface,SEQ_F1_S1
2015,103,919,272,0.45,swface,SEQ_F1_S1
2015,104,920,273,0.49,swface,SEQ_F1_S1
2015,105,921,274,0.58,swface,SEQ_F1_S1
2015,106,922,275,0.37,swface,SEQ_F1_S1
2015,107,923,276,0.29,swface,SEQ_F1_S1
2015,108,924,277,0.35,swface,SEQ_F1_S1
2015,109,925,278,0.42,swface,SEQ_F1_S1
2015,110,926,279,0.46,swface,SEQ_F1_S1
2015,111,927,280,1,swface,SEQ_F1_S1
2015,112,928,281,1,swface,SEQ_F1_S1
2015,113,929,282,1,swface,SEQ_F1_S1
2015,114,930,283,0.99,swface,SEQ_F1_S1
2015,115,931,284,0.84,swface,SEQ_F1_S1
2015,116,932,285,0.76,swface,SEQ_F1_S1
2015,117,933,286,0.67,swface,SEQ_F1_S1
2015,118,934,287,0.6,swface,SEQ_F1_S1
2015,119,935,288,0.59,swface,SEQ_F1_S1
2015,120,936,289,0.5,swface,SEQ_F1_S1
2015,121,937,290,0.41,swface,SEQ_F1_S1
2015,122,938,291,0.39,swface,SEQ_F1_S1
2015,123,939,292,0.38,swface,SEQ_F1_S1
2015,124,940,293,0.71,swface,SEQ_F1_S1
2015,125,941,294,1,swface,SEQ_F1_S1
2015,126,942,295,1,swface,SEQ_F1_S1
2015,127,943,296,0.86,swface,SEQ_F1_S1
2015,128,944,297,0.67,swface,SEQ_F1_S1
2015,129,945,298,0.51,swface,SEQ_F1_S1
2015,130,946,299,0.63,swface,SEQ_F1_S1
2015,131,947,300,1,swface,SEQ_F1_S1
2015,132,948,301,1,swface,SEQ_F1_S1
2015,133,949,302,1,swface,SEQ_F1_S1
2015,134,950,303,1,swface,SEQ_F1_S1
2015,135,951,304,1,swface,SEQ_F1_S1
2015,136,952,305,0.91,swface,SEQ_F1_S1
2015,137,953,306,0.86,swface,SEQ_F1_S1
2015,138,954,307,1,swface,SEQ_F1_S1
2015,139,955,308,0.93,swface,SEQ_F1_S1
2015,140,956,309,1,swface,SEQ_F1_S1
2015,141,957,310,1,swface,SEQ_F1_S1
2015,142,958,311,1,swface,SEQ_F1_S1
2015,143,959,312,1,swface,SEQ_F1_S1
2015,144,960,313,1,swface,SEQ_F1_S1
2015,145,961,314,1,swface,SEQ_F1_S1
2015,146,962,315,1,swface,SEQ_F1_S1
2015,147,963,316,0.93,swface,SEQ_F1_S1
2015,148,964,317,1,swface,SEQ_F1_S1
2015,149,965,318,1,swface,SEQ_F1_S1
2015,150,966,319,1,swface,SEQ_F1_S1
2015,151,967,320,1,swface,SEQ_F1_S1
2015,152,968,321,1,swface,SEQ_F1_S1
2015,153,969,322,1,swface,SEQ_F1_S1
2015,154,970,323,1,swface,SEQ_F1_S1
2015,155,971,324,1,swface,SEQ_F1_S1
2015,156,972,325,1,swface,SEQ_F1_S1
2015,157,973,326,1,swface,SEQ_F1_S1
2015,158,974,327,1,swface,SEQ_F1_S1
2015,159,975,0,1,swface,SEQ_F1_S1
2015,160,976,1,1,swface,SEQ_F1_S1
2015,161,977,2,1,swface,SEQ_F1_S1
2015,162,978,3,1,swface,SEQ_F1_S1
2015,163,979,4,1,swface,SEQ_F1_S1
2015,164,980,5,1,swface,SEQ_F1_S1
2015,165,981,6,1,swface,SEQ_F1_S1
2015,166,982,7,1,swface,SEQ_F1_S1
2015,167,983,8,1,swface,SEQ_F1_S1
2015,168,984,9,1,swface,SEQ_F1_S1
2015,169,985,10,1,swface,SEQ_F1_S1
2015,170,986,11,1,swface,SEQ_F1_S1
2015,171,987,12,1,swface,SEQ_F1_S1
2015,172,988,13,1,swface,SEQ_F1_S1
2015,173,989,14,1,swface,SEQ_F1_S1
2015,174,990,15,1,swface,SEQ_F1_S1
2015,175,991,16,1,swface,SEQ_F1_S1
2015,176,992,17,1,swface,SEQ_F1_S1
2015,177,993,18,1,swface,SEQ_F1_S1
2015,178,994,19,1,swface,SEQ_F1_S1
2015,179,995,20,1,swface,SEQ_F1_S1
2015,180,996,21,1,swface,SEQ_F1_S1
2015,181,997,22,1,swface,SEQ_F1_S1
2015,182,998,23,1,swface,SEQ_F1_S1
2015,183,999,24,1,swface,SEQ_F1_S1
2015,184,1000,25,1,swface,SEQ_F1_S1
2015,185,1001,26,1,swface,SEQ_F1_S1
2015,186,1002,27,1,swface,SEQ_F1_S1
2015,187,1003,28,1,swface,SEQ_F1_S1
2015,188,1004,29,1,swface,SEQ_F1_S1
2015,189,1005,30,1,swface,SEQ_F1_S1
2015,190,1006,31,1,swface,SEQ_F1_S1
2015,191,1007,32,1,swface,SEQ_F1_S1
2015,192,1008,33,1,swface,SEQ_F1_S1
2015,193,1009,34,1,swface,SEQ_F1_S1
2015,194,1010,35,1,swface,SEQ_F1_S1
2015,195,1011,36,1,swface,SEQ_F1_S1
2015,196,1012,37,1,swface,SEQ_F1_S1
2015,197,1013,38,1,swface,SEQ_F1_S1
2015,198,1014,39,1,swface,SEQ_F1_S1
2015,199,1015,40,1,swface,SEQ_F1_S1
2015,200,1016,41,1,swface,SEQ_F1_S1
2015,201,1017,42,1,swface,SEQ_F1_S1
2015,202,1018,43,1,swface,SEQ_F1_S1
2015,203,1019,44,1,swface,SEQ_F1_S1
2015,204,1020,45,1,swface,SEQ_F1_S1
2015,205,1021,46,1,swface,SEQ_F1_S1
2015,206,1022,47,1,swface,SEQ_F1_S1
2015,207,1023,48,1,swface,SEQ_F1_S1
2015,208,1024,49,1,swface,SEQ_F1_S1
2015,209,1025,50,1,swface,SEQ_F1_S1
2015,210,1026,51,1,swface,SEQ_F1_S1
2015,211,1027,52,1,swface,SEQ_F1_S1
2015,212,1028,53,1,swface,SEQ_F1_S1
2015,213,1029,54,1,swface,SEQ_F1_S1
2015,214,1030,55,1,swface,SEQ_F1_S1
2015,215,1031,56,1,swface,SEQ_F1_S1
2015,216,1032,57,1,swface,SEQ_F1_S1
2015,217,1033,58,1,swface,SEQ_F1_S1
2015,218,1034,59,1,swface,SEQ_F1_S1
2015,219,1035,60,1,swface,SEQ_F1_S1
2015,220,1036,61,1,swface,SEQ_F1_S1
2015,221,1037,62,1,swface,SEQ_F1_S1
2015,222,1038,63,1,swface,SEQ_F1_S1
2015,223,1039,64,1,swface,SEQ_F1_S1
2015,224,1040,65,1,swface,SEQ_F1_S1
2015,225,1041,66,1,swface,SEQ_F1_S1
2015,226,1042,67,1,swface,SEQ_F1_S1
2015,227,1043,68,1,swface,SEQ_F1_S1
2015,228,1044,69,1,swface,SEQ_F1_S1
2015,229,1045,70,1,swface,SEQ_F1_S1
2015,230,1046,71,1,swface,SEQ_F1_S1
2015,231,1047,72,1,swface,SEQ_F1_S1
2015,232,1048,73,1,swface,SEQ_F1_S1
2015,233,1049,74,1,swface,SEQ_F1_S1
2015,234,1050,75,1,swface,SEQ_F1_S1
2015,235,1051,76,1,swface,SEQ_F1_S1
2015,236,1052,77,1,swface,SEQ_F1_S1
2015,237,1053,78,1,swface,SEQ_F1_S1
2015,238,1054,79,1,swface,SEQ_F1_S1
2015,239,1055,80,1,swface,SEQ_F1_S1
2015,240,1056,81,1,swface,SEQ_F1_S1
2015,241,1057,82,1,swface,SEQ_F1_S1
2015,242,1058,83,1,swface,SEQ_F1_S1
2015,243,1059,84,1,swface,SEQ_F1_S1
2015,244,1060,85,1,swface,SEQ_F1_S1
2015,245,1061,86,1,swface,SEQ_F1_S1
2015,246,1062,87,1,swface,SEQ_F1_S1
2015,247,1063,88,1,swface,SEQ_F1_S1
2015,248,1064,89,1,swface,SEQ_F1_S1
2015,249,1065,90,1,swface,SEQ_F1_S1
2015,250,1066,91,1,swface,SEQ_F1_S1
2015,251,1067,92,1,swface,SEQ_F1_S1
2015,252,1068,93,1,swface,SEQ_F1_S1
2015,253,1069,94,1,swface,SEQ_F1_S1
2015,254,1070,95,1,swface,SEQ_F1_S1
2015,255,1071,96,1,swface,SEQ_F1_S1
2015,256,1072,97,1,swface,SEQ_F1_S1
2015,257,1073,98,1,swface,SEQ_F1_S1
2015,258,1074,99,1,swface,SEQ_F1_S1
2015,259,1075,100,1,swface,SEQ_F1_S1
2015,260,1076,101,1,swface,SEQ_F1_S1
2015,261,1077,102,1,swface,SEQ_F1_S1
2015,262,1078,103,1,swface,SEQ_F1_S1
2015,263,1079,104,0.95,swface,SEQ_F1_S1
2015,264,1080,105,0.82,swface,SEQ_F1_S1
2015,265,1081,106,0.68,swface,SEQ_F1_S1
2015,266,1082,107,0.59,swface,SEQ_F1_S1
2015,267,1083,108,0.5,swface,SEQ_F1_S1
2015,268,1084,109,0.66,swface,SEQ_F1_S1
2015,269,1085,110,1,swface,SEQ_F1_S1
2015,270,1086,111,1,swface,SEQ_F1_S1
2015,271,1087,112,1,swface,SEQ_F1_S1
2015,272,1088,113,1,swface,SEQ_F1_S1
2015,273,1089,114,1,swface,SEQ_F1_S1
2015,274,1090,115,1,swface,SEQ_F1_S1
2015,275,1091,116,1,swface,SEQ_F1_S1
2015,276,1092,117,1,swface,SEQ_F1_S1
2015,277,1093,118,1,swface,SEQ_F1_S1
2015,278,1094,119,1,swface,SEQ_F1_S1
2015,279,1095,120,1,swface,SEQ_F1_S1
2015,280,1096,121,0.94,swface,SEQ_F1_S1
2015,281,1097,122,0.71,swface,SEQ_F1_S1
2015,282,1098,123,0.68,swface,SEQ_F1_S1
2015,283,1099,124,1,swface,SEQ_F1_S1
2015,284,1100,125,1,swface,SEQ_F1_S1
2015,285,1101,126,1,swface,SEQ_F1_S1
2015,286,1102,127,1,swface,SEQ_F1_S1
2015,287,1103,128,0.95,swface,SEQ_F1_S1
2015,288,1104,129,0.56,swface,SEQ_F1_S1
2015,289,1105,130,0.49,swface,SEQ_F1_S1
2015,290,1106,131,0.4,swface,SEQ_F1_S1
2015,291,1107,132,0.44,swface,SEQ_F1_S1
2015,292,1108,133,0.3,swface,SEQ_F1_S1
2015,293,1109,134,0.24,swface,SEQ_F1_S1
2015,294,1110,135,0.28,swface,SEQ_F1_S1
2015,295,1111,136,0.94,swface,SEQ_F1_S1
2015,296,1112,137,1,swface,SEQ_F1_S1
2015,297,1113,138,1,swface,SEQ_F1_S1
2015,298,1114,139,0.58,swface,SEQ_F1_S1
2015,299,1115,140,0.84,swface,SEQ_F1_S1
2015,300,1116,141,1,swface,SEQ_F1_S1
2015,301,1117,142,1,swface,SEQ_F1_S1
2015,302,1118,143,0.68,swface,SEQ_F1_S1
2015,303,1119,144,0.41,swface,SEQ_F1_S1
2015,304,1120,145,0.82,swface,SEQ_F1_S1
2015,305,1121,146,1,swface,SEQ_F1_S1
2015,306,1122,147,1,swface,SEQ_F1_S1
2015,307,1123,148,1,swface,SEQ_F1_S1
2015,308,1124,149,1,swface,SEQ_F1_S1
2015,309,1125,150,1,swface,SEQ_F1_S1
2015,310,1126,151,1,swface,SEQ_F1_S1
2015,311,1127,152,1,swface,SEQ_F1_S1
2015,312,1128,153,1,swface,SEQ_F1_S1
2015,313,1129,154,1,swface,SEQ_F1_S1
2015,314,1130,155,1,swface,SEQ_F1_S1
2015,315,1131,156,1,swface,SEQ_F1_S1
2015,316,1132,157,0.83,swface,SEQ_F1_S1
2015,317,1133,158,0.85,swface,SEQ_F1_S1
2015,318,1134,159,0.99,swface,SEQ_F1_S1
2015,319,1135,160,1,swface,SEQ_F1_S1
2015,320,1136,161,1,swface,SEQ_F1_S1
2015,321,1137,162,1,swface,SEQ_F1_S1
2015,322,1138,163,1,swface,SEQ_F1_S1
2015,323,1139,164,1,swface,SEQ_F1_S1
2015,324,1140,165,1,swface,SEQ_F1_S1
2015,325,1141,166,1,swface,SEQ_F1_S1
2015,326,1142,167,1,swface,SEQ_F1_S1
2015,327,1143,168,1,swface,SEQ_F1_S1
2015,328,1144,169,1,swface,SEQ_F1_S1
2015,329,1145,170,1,swface,SEQ_F1_S1
2015,330,1146,171,1,swface,SEQ_F1_S1
2015,331,1147,172,1,swface,SEQ_F1_S1
2015,332,1148,173,1,swface,SEQ_F1_S1
2015,333,1149,174,1,swface,SEQ_F1_S1
2015,334,1150,175,1,swface,SEQ_F1_S1
2015,335,1151,176,1,swface,SEQ_F1_S1
2015,336,1152,177,1,swface,SEQ_F1_S1
2015,337,1153,178,1,swface,SEQ_F1_S1
2015,338,1154,179,1,swface,SEQ_F1_S1
2015,339,1155,180,1,swface,SEQ_F1_S1
2015,340,1156,181,1,swface,SEQ_F1_S1
2015,341,1157,182,0.86,swface,SEQ_F1_S1
2015,342,1158,183,0.86,swface,SEQ_F1_S1
2015,343,1159,184,1,swface,SEQ_F1_S1
2015,344,1160,185,1,swface,SEQ_F1_S1
2015,345,1161,186,1,swface,SEQ_F1_S1
2015,346,1162,187,1,swface,SEQ_F1_S1
2015,347,1163,188,1,swface,SEQ_F1_S1
2015,348,1164,189,1,swface,SEQ_F1_S1
2015,349,1165,190,1,swface,SEQ_F1_S1
2015,350,1166,191,1,swface,SEQ_F1_S1
2015,351,1167,192,1,swface,SEQ_F1_S1
2015,352,1168,193,1,swface,SEQ_F1_S1
2015,353,1169,194,1,swface,SEQ_F1_S1
2015,354,1170,195,1,swface,SEQ_F1_S1
2015,355,1171,196,0.77,swface,SEQ_F1_S1
2015,356,1172,197,0.67,swface,SEQ_F1_S1
2015,357,1173,198,0.55,swface,SEQ_F1_S1
2015,358,1174,199,0.7,swface,SEQ_F1_S1
2015,359,1175,200,0.41,swface,SEQ_F1_S1
2015,360,1176,201,0.35,swface,SEQ_F1_S1
2015,361,1177,202,0.71,swface,SEQ_F1_S1
2015,362,1178,203,0.99,swface,SEQ_F1_S1
2015,363,1179,204,1,swface,SEQ_F1_S1
2015,364,1180,205,1,swface,SEQ_F1_S1
2015,365,1181,206,0.99,swface,SEQ_F1_S1
2016,1,1182,207,0.76,swface,SEQ_F1_S1
2016,2,1183,208,1,swface,SEQ_F1_S1
2016,3,1184,209,1,swface,SEQ_F1_S1
2016,4,1185,210,1,swface,SEQ_F1_S1
2016,5,1186,211,0.99,swface,SEQ_F1_S1
2016,6,1187,212,0.71,swface,SEQ_F1_S1
2016,7,1188,213,0.55,swface,SEQ_F1_S1
2016,8,1189,214,0.65,swface,SEQ_F1_S1
2016,9,1190,215,0.96,swface,SEQ_F1_S1
2016,10,1191,216,1,swface,SEQ_F1_S1
2016,11,1192,217,1,swface,SEQ_F1_S1
2016,12,1193,218,1,swface,SEQ_F1_S1
2016,13,1194,219,1,swface,SEQ_F1_S1
2016,14,1195,220,1,swface,SEQ_F1_S1
2016,15,1196,221,1,swface,SEQ_F1_S1
2016,16,1197,222,1,swface,SEQ_F1_S1
2016,17,1198,223,1,swface,SEQ_F1_S1
2016,18,1199,224,1,swface,SEQ_F1_S1
2016,19,1200,225,1,swface,SEQ_F1_S1
2016,20,1201,226,1,swface,SEQ_F1_S1
2016,21,1202,227,0.91,swface,SEQ_F1_S1
2016,22,1203,228,0.79,swface,SEQ_F1_S1
2016,23,1204,229,0.65,swface,SEQ_F1_S1
2016,24,1205,230,0.79,swface,SEQ_F1_S1
2016,25,1206,231,0.48,swface,SEQ_F1_S1
2016,26,1207,232,0.4,swface,SEQ_F1_S1
2016,27,1208,233,0.78,swface,SEQ_F1_S1
2016,28,1209,234,1,swface,SEQ_F1_S1
2016,29,1210,235,1,swface,SEQ_F1_S1
2016,30,1211,236,1,swface,SEQ_F1_S1
2016,31,1212,237,1,swface,SEQ_F1_S1
2016,32,1213,238,0.69,swface,SEQ_F1_S1
2016,33,1214,239,0.54,swface,SEQ_F1_S1
2016,34,1215,240,0.43,swface,SEQ_F1_S1
2016,35,1216,241,0.46,swface,SEQ_F1_S1
2016,36,1217,242,0.49,swface,SEQ_F1_S1
2016,37,1218,243,0.51,swface,SEQ_F1_S1
2016,38,1219,244,0.92,swface,SEQ_F1_S1
2016,39,1220,245,1,swface,SEQ_F1_S1
2016,40,1221,246,1,swface,SEQ_F1_S1
2016,41,1222,247,1,swface,SEQ_F1_S1
2016,42,1223,248,0.85,swface,SEQ_F1_S1
2016,43,1224,249,0.64,swface,SEQ_F1_S1
2016,44,1225,250,0.48,swface,SEQ_F1_S1
2016,45,1226,251,0.39,swface,SEQ_F1_S1
2016,46,1227,252,0.42,swface,SEQ_F1_S1
2016,47,1228,253,1,swface,SEQ_F1_S1
2016,48,1229,254,1,swface,SEQ_F1_S1
2016,49,1230,255,1,swface,SEQ_F1_S1
2016,50,1231,256,1,swface,SEQ_F1_S1
2016,51,1232,257,1,swface,SEQ_F1_S1
2016,52,1233,258,1,swface,SEQ_F1_S1
2016,53,1234,259,1,swface,SEQ_F1_S1
2016,54,1235,260,1,swface,SEQ_F1_S1
2016,55,1236,261,1,swface,SEQ_F1_S1
2016,56,1237,262,1,swface,SEQ_F1_S1
2016,57,1238,263,1,swface,SEQ_F1_S1
2016,58,1239,264,1,swface,SEQ_F1_S1
2016,59,1240,265,1,swface,SEQ_F1_S1
2016,60,1241,266,1,swface,SEQ_F1_S1
2016,61,1242,267,1,swface,SEQ_F1_S1
2016,62,1243,268,1,swface,SEQ_F1_S1
2016,63,1244,269,1,swface,SEQ_F1_S1
2016,64,1245,270,1,swface,SEQ_F1_S1
2016,65,1246,271,1,swface,SEQ_F1_S1
2016,66,1247,272,1,swface,SEQ_F1_S1
2016,67,1248,273,1,swface,SEQ_F1_S1
2016,68,1249,274,1,swface,SEQ_F1_S1
2016,69,1250,275,1,swface,SEQ_F1_S1
2016,70,1251,276,1,swface,SEQ_F1_S1
2016,71,1252,277,1,swface,SEQ_F1_S1
2016,72,1253,278,1,swface,SEQ_F1_S1
2016,73,1254,279,1,swface,SEQ_F1_S1
2016,74,1255,280,1,swface,SEQ_F1_S1
2016,75,1256,281,1,swface,SEQ_F1_S1
2016,76,1257,282,1,swface,SEQ_F1_S1
2016,77,1258,283,1,swface,SEQ_F1_S1
2016,78,1259,284,1,swface,SEQ_F1_S1
2016,79,1260,285,1,swface,SEQ_F1_S1
2016,80,1261,286,1,swface,SEQ_F1_S1
2016,81,1262,287,1,swface,SEQ_F1_S1
2016,82,1263,288,1,swface,SEQ_F1_S1
2016,83,1264,289,1,swface,SEQ_F1_S1
2016,84,1265,290,1,swface,SEQ_F1_S1
2016,85,1266,291,1,swface,SEQ_F1_S1
2016,86,1267,292,1,swface,SEQ_F1_S1
2016,87,1268,293,1,swface,SEQ_F1_S1
2016,88,1269,294,1,swface,SEQ_F1_S1
2016,89,1270,295,1,swface,SEQ_F1_S1
2016,90,1271,296,1,swface,SEQ_F1_S1
2016,91,1272,297,0.96,swface,SEQ_F1_S1
2016,92,1273,298,0.89,swface,SEQ_F1_S1
2016,93,1274,299,0.8,swface,SEQ_F1_S1
2016,94,1275,300,0.63,swface,SEQ_F1_S1
2016,95,1276,301,0.59,swface,SEQ_F1_S1
2016,96,1277,302,0.57,swface,SEQ_F1_S1
2016,97,1278,303,0.56,swface,SEQ_F1_S1
2016,98,1279,304,0.51,swface,SEQ_F1_S1
2016,99,1280,305,0.47,swface,SEQ_F1_S1
2016,100,1281,306,0.44,swface,SEQ_F1_S1
2016,101,1282,307,0.38,swface,SEQ_F1_S1
2016,102,1283,308,0.51,swface,SEQ_F1_S1
2016,103,1284,309,0.41,swface,SEQ_F1_S1
2016,104,1285,310,0.42,swface,SEQ_F1_S1
2016,105,1286,311,0.48,swface,SEQ_F1_S1
2016,106,1287,312,0.39,swface,SEQ_F1_S1
2016,107,1288,313,0.32,swface,SEQ_F1_S1
2016,108,1289,314,0.27,swface,SEQ_F1_S1
2016,109,1290,315,0.25,swface,SEQ_F1_S1
2016,110,1291,316,0.23,swface,SEQ_F1_S1
2016,111,1292,317,0.22,swface,SEQ_F1_S1
2016,112,1293,318,0.21,swface,SEQ_F1_S1
2016,113,1294,319,0.18,swface,SEQ_F1_S1
2016,114,1295,320,0.18,swface,SEQ_F1_S1
2016,115,1296,321,0.17,swface,SEQ_F1_S1
2016,116,1297,322,0.15,swface,SEQ_F1_S1
2016,117,1298,323,0.37,swface,SEQ_F1_S1
2016,118,1299,324,0.61,swface,SEQ_F1_S1
2016,119,1300,325,0.91,swface,SEQ_F1_S1
2016,120,1301,326,0.61,swface,SEQ_F1_S1
2016,121,1302,327,0.37,swface,SEQ_F1_S1
2016,122,1303,328,0.23,swface,SEQ_F1_S1
2016,123,1304,329,0.18,swface,SEQ_F1_S1
2016,124,1305,330,0.2,swface,SEQ_F1_S1
2016,125,1306,331,0.18,swface,SEQ_F1_S1
2016,126,1307,332,0.17,swface,SEQ_F1_S1
2016,127,1308,333,0.16,swface,SEQ_F1_S1
2016,128,1309,334,0.3,swface,SEQ_F1_S1
2016,129,1310,335,0.2,swface,SEQ_F1_S1
2016,130,1311,336,0.17,swface,SEQ_F1_S1
2016,131,1312,337,0.36,swface,SEQ_F1_S1
2016,132,1313,338,0.57,swface,SEQ_F1_S1
2016,133,1314,339,0.29,swface,SEQ_F1_S1
2016,134,1315,340,0.18,swface,SEQ_F1_S1
2016,135,1316,341,0.13,swface,SEQ_F1_S1
2016,136,1317,342,0.13,swface,SEQ_F1_S1
2016,137,1318,343,0.16,swface,SEQ_F1_S1
2016,138,1319,344,1,swface,SEQ_F1_S1
2016,139,1320,345,1,swface,SEQ_F1_S1
2016,140,1321,346,1,swface,SEQ_F1_S1
2016,141,1322,347,1,swface,SEQ_F1_S1
2016,142,1323,348,1,swface,SEQ_F1_S1
2016,143,1324,349,1,swface,SEQ_F1_S1
2016,144,1325,350,1,swface,SEQ_F1_S1
2016,145,1326,351,1,swface,SEQ_F1_S1
2016,146,1327,352,1,swface,SEQ_F1_S1
2016,147,1328,353,1,swface,SEQ_F1_S1
2016,148,1329,354,1,swface,SEQ_F1_S1
2016,149,1330,355,1,swface,SEQ_F1_S1
2016,150,1331,356,1,swface,SEQ_F1_S1
2016,151,1332,357,1,swface,SEQ_F1_S1
2016,152,1333,358,1,swface,SEQ_F1_S1
2016,153,1334,359,1,swface,SEQ_F1_S1
2016,154,1335,360,1,swface,SEQ_F1_S1
2016,155,1336,361,1,swface,SEQ_F1_S1
2016,156,1337,362,1,swface,SEQ_F1_S1
2016,157,1338,363,1,swface,SEQ_F1_S1
2016,158,1339,364,1,swface,SEQ_F1_S1
2016,159,1340,365,1,swface,SEQ_F1_S1
2012,290,10,0,1,swfacp,SEQ_F1_S1
2012,291,11,1,1,swfacp,SEQ_F1_S1
2012,292,12,2,1,swfacp,SEQ_F1_S1
2012,293,13,3,1,swfacp,SEQ_F1_S1
2012,294,14,4,1,swfacp,SEQ_F1_S1
2012,295,15,5,1,swfacp,SEQ_F1_S1
2012,296,16,6,1,swfacp,SEQ_F1_S1
2012,297,17,7,1,swfacp,SEQ_F1_S1
2012,298,18,8,1,swfacp,SEQ_F1_S1
2012,299,19,9,1,swfacp,SEQ_F1_S1
2012,300,20,10,1,swfacp,SEQ_F1_S1
2012,301,21,11,1,swfacp,SEQ_F1_S1
2012,302,22,12,1,swfacp,SEQ_F1_S1
2012,303,23,13,1,swfacp,SEQ_F1_S1
2012,304,24,14,1,swfacp,SEQ_F1_S1
2012,305,25,15,1,swfacp,SEQ_F1_S1
2012,306,26,16,1,swfacp,SEQ_F1_S1
2012,307,27,17,1,swfacp,SEQ_F1_S1
2012,308,28,18,1,swfacp,SEQ_F1_S1
2012,309,29,19,1,swfacp,SEQ_F1_S1
2012,310,30,20,1,swfacp,SEQ_F1_S1
2012,311,31,21,1,swfacp,SEQ_F1_S1
2012,312,32,22,1,swfacp,SEQ_F1_S1
2012,313,33,23,1,swfacp,SEQ_F1_S1
2012,314,34,24,1,swfacp,SEQ_F1_S1
2012,315,35,25,1,swfacp,SEQ_F1_S1
2012,316,36,26,1,swfacp,SEQ_F1_S1
2012,317,37,27,1,swfacp,SEQ_F1_S1
2012,318,38,28,1,swfacp,SEQ_F1_S1
2012,319,39,29,1,swfacp,SEQ_F1_S1
2012,320,40,30,1,swfacp,SEQ_F1_S1
2012,321,41,31,1,swfacp,SEQ_F1_S1
2012,322,42,32,1,swfacp,SEQ_F1_S1
2012,323,43,33,1,swfacp,SEQ_F1_S1
2012,324,44,34,1,swfacp,SEQ_F1_S1
2012,325,45,35,1,swfacp,SEQ_F1_S1
2012,326,46,36,1,swfacp,SEQ_F1_S1
2012,327,47,37,1,swfacp,SEQ_F1_S1
2012,328,48,38,1,swfacp,SEQ_F1_S1
2012,329,49,39,1,swfacp,SEQ_F1_S1
2012,330,50,40,1,swfacp,SEQ_F1_S1
2012,331,51,41,1,swfacp,SEQ_F1_S1
2012,332,52,42,1,swfacp,SEQ_F1_S1
2012,333,53,43,1,swfacp,SEQ_F1_S1
2012,334,54,44,1,swfacp,SEQ_F1_S1
2012,335,55,45,1,swfacp,SEQ_F1_S1
2012,336,56,46,1,swfacp,SEQ_F1_S1
2012,337,57,47,1,swfacp,SEQ_F1_S1
2012,338,58,48,1,swfacp,SEQ_F1_S1
2012,339,59,49,1,swfacp,SEQ_F1_S1
2012,340,60,50,1,swfacp,SEQ_F1_S1
2012,341,61,51,1,swfacp,SEQ_F1_S1
2012,342,62,52,1,swfacp,SEQ_F1_S1
2012,343,63,53,1,swfacp,SEQ_F1_S1
2012,344,64,54,1,swfacp,SEQ_F1_S1
2012,345,65,55,1,swfacp,SEQ_F1_S1
2012,346,66,56,1,swfacp,SEQ_F1_S1
2012,347,67,57,1,swfacp,SEQ_F1_S1
2012,348,68,58,1,swfacp,SEQ_F1_S1
2012,349,69,59,1,swfacp,SEQ_F1_S1
2012,350,70,60,1,swfacp,SEQ_F1_S1
2012,351,71,61,1,swfacp,SEQ_F1_S1
2012,352,72,62,1,swfacp,SEQ_F1_S1
2012,353,73,63,1,swfacp,SEQ_F1_S1
2012,354,74,64,1,swfacp,SEQ_F1_S1
2012,355,75,65,1,swfacp,SEQ_F1_S1
2012,356,76,66,1,swfacp,SEQ_F1_S1
2012,357,77,67,1,swfacp,SEQ_F1_S1
2012,358,78,68,1,swfacp,SEQ_F1_S1
2012,359,79,69,1,swfacp,SEQ_F1_S1
2012,360,80,70,1,swfacp,SEQ_F1_S1
2012,361,81,71,1,swfacp,SEQ_F1_S1
2012,362,82,72,1,swfacp,SEQ_F1_S1
2012,363,83,73,1,swfacp,SEQ_F1_S1
2012,364,84,74,1,swfacp,SEQ_F1_S1
2012,365,85,75,1,swfacp,SEQ_F1_S1
2012,366,86,76,1,swfacp,SEQ_F1_S1
2013,1,87,77,1,swfacp,SEQ_F1_S1
2013,2,88,78,1,swfacp,SEQ_F1_S1
2013,3,89,79,1,swfacp,SEQ_F1_S1
2013,4,90,80,1,swfacp,SEQ_F1_S1
2013,5,91,81,1,swfacp,SEQ_F1_S1
2013,6,92,82,1,swfacp,SEQ_F1_S1
2013,7,93,83,1,swfacp,SEQ_F1_S1
2013,8,94,84,1,swfacp,SEQ_F1_S1
2013,9,95,85,1,swfacp,SEQ_F1_S1
2013,10,96,86,1,swfacp,SEQ_F1_S1
2013,11,97,87,1,swfacp,SEQ_F1_S1
2013,12,98,88,1,swfacp,SEQ_F1_S1
2013,13,99,89,1,swfacp,SEQ_F1_S1
2013,14,100,90,1,swfacp,SEQ_F1_S1
2013,15,101,91,1,swfacp,SEQ_F1_S1
2013,16,102,92,1,swfacp,SEQ_F1_S1
2013,17,103,93,1,swfacp,SEQ_F1_S1
2013,18,104,94,1,swfacp,SEQ_F1_S1
2013,19,105,95,1,swfacp,SEQ_F1_S1
2013,20,106,96,1,swfacp,SEQ_F1_S1
2013,21,107,97,1,swfacp,SEQ_F1_S1
2013,22,108,98,1,swfacp,SEQ_F1_S1
2013,23,109,99,1,swfacp,SEQ_F1_S1
2013,24,110,100,1,swfacp,SEQ_F1_S1
2013,25,111,101,1,swfacp,SEQ_F1_S1
2013,26,112,102,1,swfacp,SEQ_F1_S1
2013,27,113,103,1,swfacp,SEQ_F1_S1
2013,28,114,104,1,swfacp,SEQ_F1_S1
2013,29,115,105,1,swfacp,SEQ_F1_S1
2013,30,116,106,1,swfacp,SEQ_F1_S1
2013,31,117,107,1,swfacp,SEQ_F1_S1
2013,32,118,108,1,swfacp,SEQ_F1_S1
2013,33,119,109,1,swfacp,SEQ_F1_S1
2013,34,120,110,1,swfacp,SEQ_F1_S1
2013,35,121,111,1,swfacp,SEQ_F1_S1
2013,36,122,112,1,swfacp,SEQ_F1_S1
2013,37,123,113,1,swfacp,SEQ_F1_S1
2013,38,124,114,1,swfacp,SEQ_F1_S1
2013,39,125,115,1,swfacp,SEQ_F1_S1
2013,40,126,116,1,swfacp,SEQ_F1_S1
2013,41,127,117,1,swfacp,SEQ_F1_S1
2013,42,128,118,1,swfacp,SEQ_F1_S1
2013,43,129,119,1,swfacp,SEQ_F1_S1
2013,44,130,120,1,swfacp,SEQ_F1_S1
2013,45,131,121,1,swfacp,SEQ_F1_S1
2013,46,132,122,1,swfacp,SEQ_F1_S1
2013,47,133,123,1,swfacp,SEQ_F1_S1
2013,48,134,124,1,swfacp,SEQ_F1_S1
2013,49,135,125,1,swfacp,SEQ_F1_S1
2013,50,136,126,0.98,swfacp,SEQ_F1_S1
2013,51,137,127,1,swfacp,SEQ_F1_S1
2013,52,138,128,1,swfacp,SEQ_F1_S1
2013,53,139,129,1,swfacp,SEQ_F1_S1
2013,54,140,130,1,swfacp,SEQ_F1_S1
2013,55,141,131,1,swfacp,SEQ_F1_S1
2013,56,142,132,1,swfacp,SEQ_F1_S1
2013,57,143,133,1,swfacp,SEQ_F1_S1
2013,58,144,134,1,swfacp,SEQ_F1_S1
2013,59,145,135,1,swfacp,SEQ_F1_S1
2013,60,146,136,1,swfacp,SEQ_F1_S1
2013,61,147,137,0.94,swfacp,SEQ_F1_S1
2013,62,148,138,0.85,swfacp,SEQ_F1_S1
2013,63,149,139,0.86,swfacp,SEQ_F1_S1
2013,64,150,140,0.92,swfacp,SEQ_F1_S1
2013,65,151,141,0.84,swfacp,SEQ_F1_S1
2013,66,152,142,1,swfacp,SEQ_F1_S1
2013,67,153,143,1,swfacp,SEQ_F1_S1
2013,68,154,144,1,swfacp,SEQ_F1_S1
2013,69,155,145,1,swfacp,SEQ_F1_S1
2013,70,156,146,1,swfacp,SEQ_F1_S1
2013,71,157,147,1,swfacp,SEQ_F1_S1
2013,72,158,148,1,swfacp,SEQ_F1_S1
2013,73,159,149,1,swfacp,SEQ_F1_S1
2013,74,160,150,1,swfacp,SEQ_F1_S1
2013,75,161,151,1,swfacp,SEQ_F1_S1
2013,76,162,152,1,swfacp,SEQ_F1_S1
2013,77,163,153,1,swfacp,SEQ_F1_S1
2013,78,164,154,1,swfacp,SEQ_F1_S1
2013,79,165,155,1,swfacp,SEQ_F1_S1
2013,80,166,156,1,swfacp,SEQ_F1_S1
2013,81,167,157,1,swfacp,SEQ_F1_S1
2013,82,168,158,1,swfacp,SEQ_F1_S1
2013,83,169,159,1,swfacp,SEQ_F1_S1
2013,84,170,160,1,swfacp,SEQ_F1_S1
2013,85,171,161,1,swfacp,SEQ_F1_S1
2013,86,172,162,1,swfacp,SEQ_F1_S1
2013,87,173,163,1,swfacp,SEQ_F1_S1
2013,88,174,164,1,swfacp,SEQ_F1_S1
2013,89,175,165,1,swfacp,SEQ_F1_S1
2013,90,176,166,0.99,swfacp,SEQ_F1_S1
2013,91,177,167,1,swfacp,SEQ_F1_S1
2013,92,178,168,1,swfacp,SEQ_F1_S1
2013,93,179,169,1,swfacp,SEQ_F1_S1
2013,94,180,170,1,swfacp,SEQ_F1_S1
2013,95,181,171,1,swfacp,SEQ_F1_S1
2013,96,182,172,1,swfacp,SEQ_F1_S1
2013,97,183,173,1,swfacp,SEQ_F1_S1
2013,98,184,174,1,swfacp,SEQ_F1_S1
2013,99,185,175,1,swfacp,SEQ_F1_S1
2013,100,186,176,1,swfacp,SEQ_F1_S1
2013,101,187,177,1,swfacp,SEQ_F1_S1
2013,102,188,178,1,swfacp,SEQ_F1_S1
2013,103,189,179,1,swfacp,SEQ_F1_S1
2013,104,190,180,1,swfacp,SEQ_F1_S1
2013,105,191,181,1,swfacp,SEQ_F1_S1
2013,106,192,182,1,swfacp,SEQ_F1_S1
2013,107,193,183,1,swfacp,SEQ_F1_S1
2013,108,194,184,1,swfacp,SEQ_F1_S1
2013,109,195,185,1,swfacp,SEQ_F1_S1
2013,110,196,186,1,swfacp,SEQ_F1_S1
2013,111,197,187,1,swfacp,SEQ_F1_S1
2013,112,198,188,1,swfacp,SEQ_F1_S1
2013,113,199,189,1,swfacp,SEQ_F1_S1
2013,114,200,190,1,swfacp,SEQ_F1_S1
2013,115,201,191,1,swfacp,SEQ_F1_S1
2013,116,202,192,1,swfacp,SEQ_F1_S1
2013,117,203,193,1,swfacp,SEQ_F1_S1
2013,118,204,194,1,swfacp,SEQ_F1_S1
2013,119,205,195,1,swfacp,SEQ_F1_S1
2013,120,206,196,1,swfacp,SEQ_F1_S1
2013,121,207,197,1,swfacp,SEQ_F1_S1
2013,122,208,198,1,swfacp,SEQ_F1_S1
2013,123,209,199,1,swfacp,SEQ_F1_S1
2013,124,210,200,1,swfacp,SEQ_F1_S1
2013,125,211,201,1,swfacp,SEQ_F1_S1
2013,126,212,202,1,swfacp,SEQ_F1_S1
2013,127,213,203,1,swfacp,SEQ_F1_S1
2013,128,214,204,1,swfacp,SEQ_F1_S1
2013,129,215,205,1,swfacp,SEQ_F1_S1
2013,130,216,206,1,swfacp,SEQ_F1_S1
2013,131,217,207,1,swfacp,SEQ_F1_S1
2013,132,218,208,1,swfacp,SEQ_F1_S1
2013,133,219,209,1,swfacp,SEQ_F1_S1
2013,134,220,210,1,swfacp,SEQ_F1_S1
2013,135,221,211,1,swfacp,SEQ_F1_S1
2013,136,222,212,1,swfacp,SEQ_F1_S1
2013,137,223,213,1,swfacp,SEQ_F1_S1
2013,138,224,214,1,swfacp,SEQ_F1_S1
2013,139,225,215,1,swfacp,SEQ_F1_S1
2013,140,226,216,1,swfacp,SEQ_F1_S1
2013,141,227,217,1,swfacp,SEQ_F1_S1
2013,142,228,218,1,swfacp,SEQ_F1_S1
2013,143,229,219,1,swfacp,SEQ_F1_S1
2013,144,230,220,1,swfacp,SEQ_F1_S1
2013,145,231,221,1,swfacp,SEQ_F1_S1
2013,146,232,222,1,swfacp,SEQ_F1_S1
2013,147,233,223,1,swfacp,SEQ_F1_S1
2013,148,234,224,1,swfacp,SEQ_F1_S1
2013,149,235,225,1,swfacp,SEQ_F1_S1
2013,150,236,226,1,swfacp,SEQ_F1_S1
2013,151,237,227,1,swfacp,SEQ_F1_S1
2013,152,238,228,1,swfacp,SEQ_F1_S1
2013,153,239,229,1,swfacp,SEQ_F1_S1
2013,154,240,230,1,swfacp,SEQ_F1_S1
2013,155,241,231,1,swfacp,SEQ_F1_S1
2013,156,242,232,1,swfacp,SEQ_F1_S1
2013,157,243,233,1,swfacp,SEQ_F1_S1
2013,158,244,234,1,swfacp,SEQ_F1_S1
2013,159,245,235,1,swfacp,SEQ_F1_S1
2013,160,246,236,1,swfacp,SEQ_F1_S1
2013,161,247,237,1,swfacp,SEQ_F1_S1
2013,162,248,238,1,swfacp,SEQ_F1_S1
2013,163,249,239,1,swfacp,SEQ_F1_S1
2013,164,250,240,1,swfacp,SEQ_F1_S1
2013,165,251,241,1,swfacp,SEQ_F1_S1
2013,166,252,242,1,swfacp,SEQ_F1_S1
2013,167,253,243,1,swfacp,SEQ_F1_S1
2013,168,254,244,1,swfacp,SEQ_F1_S1
2013,169,255,245,1,swfacp,SEQ_F1_S1
2013,170,256,246,1,swfacp,SEQ_F1_S1
2013,171,257,247,1,swfacp,SEQ_F1_S1
2013,172,258,248,1,swfacp,SEQ_F1_S1
2013,173,259,249,1,swfacp,SEQ_F1_S1
2013,174,260,250,1,swfacp,SEQ_F1_S1
2013,175,261,251,1,swfacp,SEQ_F1_S1
2013,176,262,252,1,swfacp,SEQ_F1_S1
2013,177,263,253,1,swfacp,SEQ_F1_S1
2013,178,264,254,1,swfacp,SEQ_F1_S1
2013,179,265,255,1,swfacp,SEQ_F1_S1
2013,180,266,256,1,swfacp,SEQ_F1_S1
2013,181,267,257,1,swfacp,SEQ_F1_S1
2013,182,268,258,1,swfacp,SEQ_F1_S1
2013,183,269,259,1,swfacp,SEQ_F1_S1
2013,184,270,260,1,swfacp,SEQ_F1_S1
2013,185,271,261,1,swfacp,SEQ_F1_S1
2013,186,272,262,1,swfacp,SEQ_F1_S1
2013,187,273,263,1,swfacp,SEQ_F1_S1
2013,188,274,264,1,swfacp,SEQ_F1_S1
2013,189,275,265,1,swfacp,SEQ_F1_S1
2013,190,276,266,1,swfacp,SEQ_F1_S1
2013,191,277,267,1,swfacp,SEQ_F1_S1
2013,192,278,268,1,swfacp,SEQ_F1_S1
2013,193,279,269,1,swfacp,SEQ_F1_S1
2013,194,280,270,1,swfacp,SEQ_F1_S1
2013,195,281,271,1,swfacp,SEQ_F1_S1
2013,196,282,272,1,swfacp,SEQ_F1_S1
2013,197,283,273,1,swfacp,SEQ_F1_S1
2013,198,284,274,1,swfacp,SEQ_F1_S1
2013,199,285,275,1,swfacp,SEQ_F1_S1
2013,200,286,276,1,swfacp,SEQ_F1_S1
2013,201,287,277,1,swfacp,SEQ_F1_S1
2013,202,288,278,1,swfacp,SEQ_F1_S1
2013,203,289,279,1,swfacp,SEQ_F1_S1
2013,204,290,280,1,swfacp,SEQ_F1_S1
2013,205,291,281,1,swfacp,SEQ_F1_S1
2013,206,292,282,1,swfacp,SEQ_F1_S1
2013,207,293,283,1,swfacp,SEQ_F1_S1
2013,208,294,284,1,swfacp,SEQ_F1_S1
2013,209,295,285,1,swfacp,SEQ_F1_S1
2013,210,296,286,1,swfacp,SEQ_F1_S1
2013,211,297,287,1,swfacp,SEQ_F1_S1
2013,212,298,288,1,swfacp,SEQ_F1_S1
2013,213,299,289,1,swfacp,SEQ_F1_S1
2013,214,300,290,1,swfacp,SEQ_F1_S1
2013,215,301,291,1,swfacp,SEQ_F1_S1
2013,216,302,292,1,swfacp,SEQ_F1_S1
2013,217,303,293,1,swfacp,SEQ_F1_S1
2013,218,304,294,1,swfacp,SEQ_F1_S1
2013,219,305,295,1,swfacp,SEQ_F1_S1
2013,220,306,296,1,swfacp,SEQ_F1_S1
2013,221,307,297,1,swfacp,SEQ_F1_S1
2013,222,308,298,1,swfacp,SEQ_F1_S1
2013,223,309,299,1,swfacp,SEQ_F1_S1
2013,224,310,300,1,swfacp,SEQ_F1_S1
2013,225,311,301,1,swfacp,SEQ_F1_S1
2013,226,312,302,1,swfacp,SEQ_F1_S1
2013,227,313,303,1,swfacp,SEQ_F1_S1
2013,228,314,304,1,swfacp,SEQ_F1_S1
2013,229,315,305,1,swfacp,SEQ_F1_S1
2013,230,316,306,0.97,swfacp,SEQ_F1_S1
2013,231,317,307,1,swfacp,SEQ_F1_S1
2013,232,318,308,1,swfacp,SEQ_F1_S1
2013,233,319,309,1,swfacp,SEQ_F1_S1
2013,234,320,310,1,swfacp,SEQ_F1_S1
2013,235,321,311,1,swfacp,SEQ_F1_S1
2013,236,322,312,1,swfacp,SEQ_F1_S1
2013,237,323,313,1,swfacp,SEQ_F1_S1
2013,238,324,314,1,swfacp,SEQ_F1_S1
2013,239,325,315,1,swfacp,SEQ_F1_S1
2013,240,326,316,0.97,swfacp,SEQ_F1_S1
2013,241,327,317,0.82,swfacp,SEQ_F1_S1
2013,242,328,318,0.76,swfacp,SEQ_F1_S1
2013,243,329,319,1,swfacp,SEQ_F1_S1
2013,244,330,320,1,swfacp,SEQ_F1_S1
2013,245,331,321,1,swfacp,SEQ_F1_S1
2013,246,332,322,1,swfacp,SEQ_F1_S1
2013,247,333,323,1,swfacp,SEQ_F1_S1
2013,248,334,324,1,swfacp,SEQ_F1_S1
2013,249,335,325,1,swfacp,SEQ_F1_S1
2013,250,336,326,0.97,swfacp,SEQ_F1_S1
2013,251,337,327,1,swfacp,SEQ_F1_S1
2013,252,338,328,1,swfacp,SEQ_F1_S1
2013,253,339,329,1,swfacp,SEQ_F1_S1
2013,254,340,330,1,swfacp,SEQ_F1_S1
2013,255,341,331,1,swfacp,SEQ_F1_S1
2013,256,342,332,1,swfacp,SEQ_F1_S1
2013,257,343,333,0.99,swfacp,SEQ_F1_S1
2013,258,344,334,1,swfacp,SEQ_F1_S1
2013,259,345,335,1,swfacp,SEQ_F1_S1
2013,260,346,336,1,swfacp,SEQ_F1_S1
2013,261,347,337,1,swfacp,SEQ_F1_S1
2013,262,348,338,1,swfacp,SEQ_F1_S1
2013,263,349,339,0.98,swfacp,SEQ_F1_S1
2013,264,350,340,1,swfacp,SEQ_F1_S1
2013,265,351,341,1,swfacp,SEQ_F1_S1
2013,266,352,342,1,swfacp,SEQ_F1_S1
2013,267,353,343,0.86,swfacp,SEQ_F1_S1
2013,268,354,344,0.74,swfacp,SEQ_F1_S1
2013,269,355,345,0.6,swfacp,SEQ_F1_S1
2013,270,356,346,0.59,swfacp,SEQ_F1_S1
2013,271,357,347,1,swfacp,SEQ_F1_S1
2013,272,358,348,1,swfacp,SEQ_F1_S1
2013,273,359,349,1,swfacp,SEQ_F1_S1
2013,274,360,350,1,swfacp,SEQ_F1_S1
2013,275,361,351,1,swfacp,SEQ_F1_S1
2013,276,362,352,1,swfacp,SEQ_F1_S1
2013,277,363,353,1,swfacp,SEQ_F1_S1
2013,278,364,354,1,swfacp,SEQ_F1_S1
2013,279,365,355,1,swfacp,SEQ_F1_S1
2013,280,366,356,1,swfacp,SEQ_F1_S1
2013,281,367,357,1,swfacp,SEQ_F1_S1
2013,282,368,358,1,swfacp,SEQ_F1_S1
2013,283,369,359,1,swfacp,SEQ_F1_S1
2013,284,370,360,1,swfacp,SEQ_F1_S1
2013,285,371,361,1,swfacp,SEQ_F1_S1
2013,286,372,362,1,swfacp,SEQ_F1_S1
2013,287,373,363,1,swfacp,SEQ_F1_S1
2013,288,374,0,1,swfacp,SEQ_F1_S1
2013,289,375,1,1,swfacp,SEQ_F1_S1
2013,290,376,2,1,swfacp,SEQ_F1_S1
2013,291,377,3,1,swfacp,SEQ_F1_S1
2013,292,378,4,1,swfacp,SEQ_F1_S1
2013,293,379,5,1,swfacp,SEQ_F1_S1
2013,294,380,6,1,swfacp,SEQ_F1_S1
2013,295,381,7,1,swfacp,SEQ_F1_S1
2013,296,382,8,1,swfacp,SEQ_F1_S1
2013,297,383,9,1,swfacp,SEQ_F1_S1
2013,298,384,10,1,swfacp,SEQ_F1_S1
2013,299,385,11,1,swfacp,SEQ_F1_S1
2013,300,386,12,1,swfacp,SEQ_F1_S1
2013,301,387,13,1,swfacp,SEQ_F1_S1
2013,302,388,14,1,swfacp,SEQ_F1_S1
2013,303,389,15,1,swfacp,SEQ_F1_S1
2013,304,390,16,1,swfacp,SEQ_F1_S1
2013,305,391,17,1,swfacp,SEQ_F1_S1
2013,306,392,18,1,swfacp,SEQ_F1_S1
2013,307,393,19,1,swfacp,SEQ_F1_S1
2013,308,394,20,1,swfacp,SEQ_F1_S1
2013,309,395,21,1,swfacp,SEQ_F1_S1
2013,310,396,22,1,swfacp,SEQ_F1_S1
2013,311,397,23,1,swfacp,SEQ_F1_S1
2013,312,398,24,1,swfacp,SEQ_F1_S1
2013,313,399,25,1,swfacp,SEQ_F1_S1
2013,314,400,26,1,swfacp,SEQ_F1_S1
2013,315,401,27,1,swfacp,SEQ_F1_S1
2013,316,402,28,1,swfacp,SEQ_F1_S1
2013,317,403,29,1,swfacp,SEQ_F1_S1
2013,318,404,30,1,swfacp,SEQ_F1_S1
2013,319,405,31,1,swfacp,SEQ_F1_S1
2013,320,406,32,1,swfacp,SEQ_F1_S1
2013,321,407,33,1,swfacp,SEQ_F1_S1
2013,322,408,34,1,swfacp,SEQ_F1_S1
2013,323,409,35,1,swfacp,SEQ_F1_S1
2013,324,410,36,1,swfacp,SEQ_F1_S1
2013,325,411,37,1,swfacp,SEQ_F1_S1
2013,326,412,38,1,swfacp,SEQ_F1_S1
2013,327,413,39,1,swfacp,SEQ_F1_S1
2013,328,414,40,1,swfacp,SEQ_F1_S1
2013,329,415,41,1,swfacp,SEQ_F1_S1
2013,330,416,42,1,swfacp,SEQ_F1_S1
2013,331,417,43,1,swfacp,SEQ_F1_S1
2013,332,418,44,1,swfacp,SEQ_F1_S1
2013,333,419,45,1,swfacp,SEQ_F1_S1
2013,334,420,46,1,swfacp,SEQ_F1_S1
2013,335,421,47,1,swfacp,SEQ_F1_S1
2013,336,422,48,1,swfacp,SEQ_F1_S1
2013,337,423,49,1,swfacp,SEQ_F1_S1
2013,338,424,50,1,swfacp,SEQ_F1_S1
2013,339,425,51,1,swfacp,SEQ_F1_S1
2013,340,426,52,1,swfacp,SEQ_F1_S1
2013,341,427,53,1,swfacp,SEQ_F1_S1
2013,342,428,54,1,swfacp,SEQ_F1_S1
2013,343,429,55,1,swfacp,SEQ_F1_S1
2013,344,430,56,1,swfacp,SEQ_F1_S1
2013,345,431,57,1,swfacp,SEQ_F1_S1
2013,346,432,58,1,swfacp,SEQ_F1_S1
2013,347,433,59,1,swfacp,SEQ_F1_S1
2013,348,434,60,1,swfacp,SEQ_F1_S1
2013,349,435,61,1,swfacp,SEQ_F1_S1
2013,350,436,62,1,swfacp,SEQ_F1_S1
2013,351,437,63,1,swfacp,SEQ_F1_S1
2013,352,438,64,1,swfacp,SEQ_F1_S1
2013,353,439,65,1,swfacp,SEQ_F1_S1
2013,354,440,66,1,swfacp,SEQ_F1_S1
2013,355,441,67,1,swfacp,SEQ_F1_S1
2013,356,442,68,1,swfacp,SEQ_F1_S1
2013,357,443,69,1,swfacp,SEQ_F1_S1
2013,358,444,70,1,swfacp,SEQ_F1_S1
2013,359,445,71,0.72,swfacp,SEQ_F1_S1
2013,360,446,72,1,swfacp,SEQ_F1_S1
2013,361,447,73,1,swfacp,SEQ_F1_S1
2013,362,448,74,1,swfacp,SEQ_F1_S1
2013,363,449,75,1,swfacp,SEQ_F1_S1
2013,364,450,76,1,swfacp,SEQ_F1_S1
2013,365,451,77,1,swfacp,SEQ_F1_S1
2014,1,452,78,1,swfacp,SEQ_F1_S1
2014,2,453,79,1,swfacp,SEQ_F1_S1
2014,3,454,80,1,swfacp,SEQ_F1_S1
2014,4,455,81,1,swfacp,SEQ_F1_S1
2014,5,456,82,1,swfacp,SEQ_F1_S1
2014,6,457,83,1,swfacp,SEQ_F1_S1
2014,7,458,84,1,swfacp,SEQ_F1_S1
2014,8,459,85,1,swfacp,SEQ_F1_S1
2014,9,460,86,0.95,swfacp,SEQ_F1_S1
2014,10,461,87,0.98,swfacp,SEQ_F1_S1
2014,11,462,88,1,swfacp,SEQ_F1_S1
2014,12,463,89,1,swfacp,SEQ_F1_S1
2014,13,464,90,1,swfacp,SEQ_F1_S1
2014,14,465,91,1,swfacp,SEQ_F1_S1
2014,15,466,92,1,swfacp,SEQ_F1_S1
2014,16,467,93,1,swfacp,SEQ_F1_S1
2014,17,468,94,1,swfacp,SEQ_F1_S1
2014,18,469,95,1,swfacp,SEQ_F1_S1
2014,19,470,96,1,swfacp,SEQ_F1_S1
2014,20,471,97,0.98,swfacp,SEQ_F1_S1
2014,21,472,98,0.96,swfacp,SEQ_F1_S1
2014,22,473,99,0.84,swfacp,SEQ_F1_S1
2014,23,474,100,0.76,swfacp,SEQ_F1_S1
2014,24,475,101,0.66,swfacp,SEQ_F1_S1
2014,25,476,102,0.58,swfacp,SEQ_F1_S1
2014,26,477,103,0.54,swfacp,SEQ_F1_S1
2014,27,478,104,0.45,swfacp,SEQ_F1_S1
2014,28,479,105,0.4,swfacp,SEQ_F1_S1
2014,29,480,106,0.4,swfacp,SEQ_F1_S1
2014,30,481,107,0.43,swfacp,SEQ_F1_S1
2014,31,482,108,0.34,swfacp,SEQ_F1_S1
2014,32,483,109,0.31,swfacp,SEQ_F1_S1
2014,33,484,110,0.3,swfacp,SEQ_F1_S1
2014,34,485,111,0.28,swfacp,SEQ_F1_S1
2014,35,486,112,0.3,swfacp,SEQ_F1_S1
2014,36,487,113,0.28,swfacp,SEQ_F1_S1
2014,37,488,114,0.24,swfacp,SEQ_F1_S1
2014,38,489,115,0.25,swfacp,SEQ_F1_S1
2014,39,490,116,0.26,swfacp,SEQ_F1_S1
2014,40,491,117,0.26,swfacp,SEQ_F1_S1
2014,41,492,118,0.28,swfacp,SEQ_F1_S1
2014,42,493,119,0.87,swfacp,SEQ_F1_S1
2014,43,494,120,0.5,swfacp,SEQ_F1_S1
2014,44,495,121,0.51,swfacp,SEQ_F1_S1
2014,45,496,122,1,swfacp,SEQ_F1_S1
2014,46,497,123,1,swfacp,SEQ_F1_S1
2014,47,498,124,1,swfacp,SEQ_F1_S1
2014,48,499,125,0.84,swfacp,SEQ_F1_S1
2014,49,500,126,0.45,swfacp,SEQ_F1_S1
2014,50,501,127,0.4,swfacp,SEQ_F1_S1
2014,51,502,128,0.93,swfacp,SEQ_F1_S1
2014,52,503,129,0.77,swfacp,SEQ_F1_S1
2014,53,504,130,0.67,swfacp,SEQ_F1_S1
2014,54,505,131,1,swfacp,SEQ_F1_S1
2014,55,506,132,1,swfacp,SEQ_F1_S1
2014,56,507,133,0.76,swfacp,SEQ_F1_S1
2014,57,508,134,0.62,swfacp,SEQ_F1_S1
2014,58,509,135,0.75,swfacp,SEQ_F1_S1
2014,59,510,136,1,swfacp,SEQ_F1_S1
2014,60,511,137,1,swfacp,SEQ_F1_S1
2014,61,512,138,1,swfacp,SEQ_F1_S1
2014,62,513,139,0.87,swfacp,SEQ_F1_S1
2014,63,514,140,1,swfacp,SEQ_F1_S1
2014,64,515,141,1,swfacp,SEQ_F1_S1
2014,65,516,142,1,swfacp,SEQ_F1_S1
2014,66,517,143,1,swfacp,SEQ_F1_S1
2014,67,518,144,1,swfacp,SEQ_F1_S1
2014,68,519,145,1,swfacp,SEQ_F1_S1
2014,69,520,146,1,swfacp,SEQ_F1_S1
2014,70,521,147,1,swfacp,SEQ_F1_S1
2014,71,522,148,1,swfacp,SEQ_F1_S1
2014,72,523,149,1,swfacp,SEQ_F1_S1
2014,73,524,150,1,swfacp,SEQ_F1_S1
2014,74,525,151,1,swfacp,SEQ_F1_S1
2014,75,526,152,1,swfacp,SEQ_F1_S1
2014,76,527,153,1,swfacp,SEQ_F1_S1
2014,77,528,154,0.94,swfacp,SEQ_F1_S1
2014,78,529,155,0.93,swfacp,SEQ_F1_S1
2014,79,530,156,1,swfacp,SEQ_F1_S1
2014,80,531,157,1,swfacp,SEQ_F1_S1
2014,81,532,158,1,swfacp,SEQ_F1_S1
2014,82,533,159,1,swfacp,SEQ_F1_S1
2014,83,534,160,0.98,swfacp,SEQ_F1_S1
2014,84,535,161,0.89,swfacp,SEQ_F1_S1
2014,85,536,162,0.76,swfacp,SEQ_F1_S1
2014,86,537,163,0.65,swfacp,SEQ_F1_S1
2014,87,538,164,0.69,swfacp,SEQ_F1_S1
2014,88,539,165,1,swfacp,SEQ_F1_S1
2014,89,540,166,1,swfacp,SEQ_F1_S1
2014,90,541,167,1,swfacp,SEQ_F1_S1
2014,91,542,168,1,swfacp,SEQ_F1_S1
2014,92,543,169,1,swfacp,SEQ_F1_S1
2014,93,544,170,0.91,swfacp,SEQ_F1_S1
2014,94,545,171,0.76,swfacp,SEQ_F1_S1
2014,95,546,172,0.67,swfacp,SEQ_F1_S1
2014,96,547,173,0.58,swfacp,SEQ_F1_S1
2014,97,548,174,0.55,swfacp,SEQ_F1_S1
2014,98,549,175,0.62,swfacp,SEQ_F1_S1
2014,99,550,176,0.69,swfacp,SEQ_F1_S1
2014,100,551,177,0.49,swfacp,SEQ_F1_S1
2014,101,552,178,0.44,swfacp,SEQ_F1_S1
2014,102,553,179,0.91,swfacp,SEQ_F1_S1
2014,103,554,180,0.98,swfacp,SEQ_F1_S1
2014,104,555,181,1,swfacp,SEQ_F1_S1
2014,105,556,182,1,swfacp,SEQ_F1_S1
2014,106,557,183,1,swfacp,SEQ_F1_S1
2014,107,558,184,1,swfacp,SEQ_F1_S1
2014,108,559,185,1,swfacp,SEQ_F1_S1
2014,109,560,186,1,swfacp,SEQ_F1_S1
2014,110,561,187,1,swfacp,SEQ_F1_S1
2014,111,562,188,1,swfacp,SEQ_F1_S1
2014,112,563,189,1,swfacp,SEQ_F1_S1
2014,113,564,190,1,swfacp,SEQ_F1_S1
2014,114,565,191,0.87,swfacp,SEQ_F1_S1
2014,115,566,192,0.85,swfacp,SEQ_F1_S1
2014,116,567,193,1,swfacp,SEQ_F1_S1
2014,117,568,194,1,swfacp,SEQ_F1_S1
2014,118,569,195,1,swfacp,SEQ_F1_S1
2014,119,570,196,0.99,swfacp,SEQ_F1_S1
2014,120,571,197,0.97,swfacp,SEQ_F1_S1
2014,121,572,198,1,swfacp,SEQ_F1_S1
2014,122,573,199,1,swfacp,SEQ_F1_S1
2014,123,574,200,1,swfacp,SEQ_F1_S1
2014,124,575,201,1,swfacp,SEQ_F1_S1
2014,125,576,202,1,swfacp,SEQ_F1_S1
2014,126,577,203,1,swfacp,SEQ_F1_S1
2014,127,578,204,0.84,swfacp,SEQ_F1_S1
2014,128,579,205,0.88,swfacp,SEQ_F1_S1
2014,129,580,206,0.76,swfacp,SEQ_F1_S1
2014,130,581,207,0.71,swfacp,SEQ_F1_S1
2014,131,582,208,0.66,swfacp,SEQ_F1_S1
2014,132,583,209,0.64,swfacp,SEQ_F1_S1
2014,133,584,210,0.68,swfacp,SEQ_F1_S1
2014,134,585,211,0.55,swfacp,SEQ_F1_S1
2014,135,586,212,0.56,swfacp,SEQ_F1_S1
2014,136,587,213,0.54,swfacp,SEQ_F1_S1
2014,137,588,214,0.62,swfacp,SEQ_F1_S1
2014,138,589,215,0.45,swfacp,SEQ_F1_S1
2014,139,590,216,0.41,swfacp,SEQ_F1_S1
2014,140,591,217,0.39,swfacp,SEQ_F1_S1
2014,141,592,218,0.48,swfacp,SEQ_F1_S1
2014,142,593,219,1,swfacp,SEQ_F1_S1
2014,143,594,220,1,swfacp,SEQ_F1_S1
2014,144,595,221,1,swfacp,SEQ_F1_S1
2014,145,596,222,1,swfacp,SEQ_F1_S1
2014,146,597,223,1,swfacp,SEQ_F1_S1
2014,147,598,224,1,swfacp,SEQ_F1_S1
2014,148,599,225,1,swfacp,SEQ_F1_S1
2014,149,600,226,1,swfacp,SEQ_F1_S1
2014,150,601,227,1,swfacp,SEQ_F1_S1
2014,151,602,228,1,swfacp,SEQ_F1_S1
2014,152,603,229,1,swfacp,SEQ_F1_S1
2014,153,604,230,1,swfacp,SEQ_F1_S1
2014,154,605,231,1,swfacp,SEQ_F1_S1
2014,155,606,232,1,swfacp,SEQ_F1_S1
2014,156,607,233,1,swfacp,SEQ_F1_S1
2014,157,608,234,0.84,swfacp,SEQ_F1_S1
2014,158,609,235,0.75,swfacp,SEQ_F1_S1
2014,159,610,236,0.79,swfacp,SEQ_F1_S1
2014,160,611,237,0.92,swfacp,SEQ_F1_S1
2014,161,612,238,0.67,swfacp,SEQ_F1_S1
2014,162,613,239,0.64,swfacp,SEQ_F1_S1
2014,163,614,240,0.56,swfacp,SEQ_F1_S1
2014,164,615,241,0.6,swfacp,SEQ_F1_S1
2014,165,616,242,0.56,swfacp,SEQ_F1_S1
2014,166,617,243,0.54,swfacp,SEQ_F1_S1
2014,167,618,244,1,swfacp,SEQ_F1_S1
2014,168,619,245,1,swfacp,SEQ_F1_S1
2014,169,620,246,1,swfacp,SEQ_F1_S1
2014,170,621,247,1,swfacp,SEQ_F1_S1
2014,171,622,248,1,swfacp,SEQ_F1_S1
2014,172,623,249,1,swfacp,SEQ_F1_S1
2014,173,624,250,1,swfacp,SEQ_F1_S1
2014,174,625,251,1,swfacp,SEQ_F1_S1
2014,175,626,252,1,swfacp,SEQ_F1_S1
2014,176,627,253,1,swfacp,SEQ_F1_S1
2014,177,628,254,0.97,swfacp,SEQ_F1_S1
2014,178,629,255,0.93,swfacp,SEQ_F1_S1
2014,179,630,256,1,swfacp,SEQ_F1_S1
2014,180,631,257,0.83,swfacp,SEQ_F1_S1
2014,181,632,258,0.76,swfacp,SEQ_F1_S1
2014,182,633,259,0.68,swfacp,SEQ_F1_S1
2014,183,634,260,0.62,swfacp,SEQ_F1_S1
2014,184,635,261,0.57,swfacp,SEQ_F1_S1
2014,185,636,262,0.54,swfacp,SEQ_F1_S1
2014,186,637,263,0.51,swfacp,SEQ_F1_S1
2014,187,638,264,0.93,swfacp,SEQ_F1_S1
2014,188,639,265,0.8,swfacp,SEQ_F1_S1
2014,189,640,266,1,swfacp,SEQ_F1_S1
2014,190,641,267,1,swfacp,SEQ_F1_S1
2014,191,642,268,1,swfacp,SEQ_F1_S1
2014,192,643,269,1,swfacp,SEQ_F1_S1
2014,193,644,270,0.95,swfacp,SEQ_F1_S1
2014,194,645,271,0.86,swfacp,SEQ_F1_S1
2014,195,646,272,1,swfacp,SEQ_F1_S1
2014,196,647,0,1,swfacp,SEQ_F1_S1
2014,197,648,1,1,swfacp,SEQ_F1_S1
2014,198,649,2,1,swfacp,SEQ_F1_S1
2014,199,650,3,1,swfacp,SEQ_F1_S1
2014,200,651,4,1,swfacp,SEQ_F1_S1
2014,201,652,5,1,swfacp,SEQ_F1_S1
2014,202,653,6,1,swfacp,SEQ_F1_S1
2014,203,654,7,1,swfacp,SEQ_F1_S1
2014,204,655,8,1,swfacp,SEQ_F1_S1
2014,205,656,9,1,swfacp,SEQ_F1_S1
2014,206,657,10,1,swfacp,SEQ_F1_S1
2014,207,658,11,1,swfacp,SEQ_F1_S1
2014,208,659,12,1,swfacp,SEQ_F1_S1
2014,209,660,13,1,swfacp,SEQ_F1_S1
2014,210,661,14,1,swfacp,SEQ_F1_S1
2014,211,662,15,1,swfacp,SEQ_F1_S1
2014,212,663,16,1,swfacp,SEQ_F1_S1
2014,213,664,17,1,swfacp,SEQ_F1_S1
2014,214,665,18,1,swfacp,SEQ_F1_S1
2014,215,666,19,1,swfacp,SEQ_F1_S1
2014,216,667,20,1,swfacp,SEQ_F1_S1
2014,217,668,21,1,swfacp,SEQ_F1_S1
2014,218,669,22,1,swfacp,SEQ_F1_S1
2014,219,670,23,1,swfacp,SEQ_F1_S1
2014,220,671,24,1,swfacp,SEQ_F1_S1
2014,221,672,25,1,swfacp,SEQ_F1_S1
2014,222,673,26,1,swfacp,SEQ_F1_S1
2014,223,674,27,1,swfacp,SEQ_F1_S1
2014,224,675,28,1,swfacp,SEQ_F1_S1
2014,225,676,29,1,swfacp,SEQ_F1_S1
2014,226,677,30,1,swfacp,SEQ_F1_S1
2014,227,678,31,1,swfacp,SEQ_F1_S1
2014,228,679,32,1,swfacp,SEQ_F1_S1
2014,229,680,33,1,swfacp,SEQ_F1_S1
2014,230,681,34,1,swfacp,SEQ_F1_S1
2014,231,682,35,1,swfacp,SEQ_F1_S1
2014,232,683,36,1,swfacp,SEQ_F1_S1
2014,233,684,37,1,swfacp,SEQ_F1_S1
2014,234,685,38,1,swfacp,SEQ_F1_S1
2014,235,686,39,0.95,swfacp,SEQ_F1_S1
2014,236,687,40,0.93,swfacp,SEQ_F1_S1
2014,237,688,41,0.99,swfacp,SEQ_F1_S1
2014,238,689,42,0.97,swfacp,SEQ_F1_S1
2014,239,690,43,1,swfacp,SEQ_F1_S1
2014,240,691,44,1,swfacp,SEQ_F1_S1
2014,241,692,45,0.92,swfacp,SEQ_F1_S1
2014,242,693,46,0.81,swfacp,SEQ_F1_S1
2014,243,694,47,1,swfacp,SEQ_F1_S1
2014,244,695,48,1,swfacp,SEQ_F1_S1
2014,245,696,49,1,swfacp,SEQ_F1_S1
2014,246,697,50,1,swfacp,SEQ_F1_S1
2014,247,698,51,1,swfacp,SEQ_F1_S1
2014,248,699,52,1,swfacp,SEQ_F1_S1
2014,249,700,53,1,swfacp,SEQ_F1_S1
2014,250,701,54,1,swfacp,SEQ_F1_S1
2014,251,702,55,1,swfacp,SEQ_F1_S1
2014,252,703,56,1,swfacp,SEQ_F1_S1
2014,253,704,57,1,swfacp,SEQ_F1_S1
2014,254,705,58,1,swfacp,SEQ_F1_S1
2014,255,706,59,1,swfacp,SEQ_F1_S1
2014,256,707,60,1,swfacp,SEQ_F1_S1
2014,257,708,61,1,swfacp,SEQ_F1_S1
2014,258,709,62,1,swfacp,SEQ_F1_S1
2014,259,710,63,1,swfacp,SEQ_F1_S1
2014,260,711,64,1,swfacp,SEQ_F1_S1
2014,261,712,65,1,swfacp,SEQ_F1_S1
2014,262,713,66,1,swfacp,SEQ_F1_S1
2014,263,714,67,1,swfacp,SEQ_F1_S1
2014,264,715,68,1,swfacp,SEQ_F1_S1
2014,265,716,69,1,swfacp,SEQ_F1_S1
2014,266,717,70,0.8,swfacp,SEQ_F1_S1
2014,267,718,71,1,swfacp,SEQ_F1_S1
2014,268,719,72,1,swfacp,SEQ_F1_S1
2014,269,720,73,1,swfacp,SEQ_F1_S1
2014,270,721,74,1,swfacp,SEQ_F1_S1
2014,271,722,75,1,swfacp,SEQ_F1_S1
2014,272,723,76,1,swfacp,SEQ_F1_S1
2014,273,724,77,1,swfacp,SEQ_F1_S1
2014,274,725,78,1,swfacp,SEQ_F1_S1
2014,275,726,79,1,swfacp,SEQ_F1_S1
2014,276,727,80,1,swfacp,SEQ_F1_S1
2014,277,728,81,1,swfacp,SEQ_F1_S1
2014,278,729,82,1,swfacp,SEQ_F1_S1
2014,279,730,83,1,swfacp,SEQ_F1_S1
2014,280,731,84,0.91,swfacp,SEQ_F1_S1
2014,281,732,85,1,swfacp,SEQ_F1_S1
2014,282,733,86,1,swfacp,SEQ_F1_S1
2014,283,734,87,1,swfacp,SEQ_F1_S1
2014,284,735,88,1,swfacp,SEQ_F1_S1
2014,285,736,89,0.97,swfacp,SEQ_F1_S1
2014,286,737,90,0.81,swfacp,SEQ_F1_S1
2014,287,738,91,0.76,swfacp,SEQ_F1_S1
2014,288,739,92,0.75,swfacp,SEQ_F1_S1
2014,289,740,93,0.6,swfacp,SEQ_F1_S1
2014,290,741,94,0.58,swfacp,SEQ_F1_S1
2014,291,742,95,0.48,swfacp,SEQ_F1_S1
2014,292,743,96,0.94,swfacp,SEQ_F1_S1
2014,293,744,97,0.57,swfacp,SEQ_F1_S1
2014,294,745,98,0.39,swfacp,SEQ_F1_S1
2014,295,746,99,0.36,swfacp,SEQ_F1_S1
2014,296,747,100,0.33,swfacp,SEQ_F1_S1
2014,297,748,101,0.79,swfacp,SEQ_F1_S1
2014,298,749,102,0.99,swfacp,SEQ_F1_S1
2014,299,750,103,0.9,swfacp,SEQ_F1_S1
2014,300,751,104,0.41,swfacp,SEQ_F1_S1
2014,301,752,105,0.24,swfacp,SEQ_F1_S1
2014,302,753,106,0.17,swfacp,SEQ_F1_S1
2014,303,754,107,0.17,swfacp,SEQ_F1_S1
2014,304,755,108,0.2,swfacp,SEQ_F1_S1
2014,305,756,109,0.14,swfacp,SEQ_F1_S1
2014,306,757,110,1,swfacp,SEQ_F1_S1
2014,307,758,111,1,swfacp,SEQ_F1_S1
2014,308,759,112,1,swfacp,SEQ_F1_S1
2014,309,760,113,1,swfacp,SEQ_F1_S1
2014,310,761,114,1,swfacp,SEQ_F1_S1
2014,311,762,115,1,swfacp,SEQ_F1_S1
2014,312,763,116,1,swfacp,SEQ_F1_S1
2014,313,764,117,1,swfacp,SEQ_F1_S1
2014,314,765,118,1,swfacp,SEQ_F1_S1
2014,315,766,119,1,swfacp,SEQ_F1_S1
2014,316,767,120,0.99,swfacp,SEQ_F1_S1
2014,317,768,121,1,swfacp,SEQ_F1_S1
2014,318,769,122,1,swfacp,SEQ_F1_S1
2014,319,770,123,0.91,swfacp,SEQ_F1_S1
2014,320,771,124,0.78,swfacp,SEQ_F1_S1
2014,321,772,125,0.62,swfacp,SEQ_F1_S1
2014,322,773,126,0.52,swfacp,SEQ_F1_S1
2014,323,774,127,0.96,swfacp,SEQ_F1_S1
2014,324,775,128,0.39,swfacp,SEQ_F1_S1
2014,325,776,129,0.99,swfacp,SEQ_F1_S1
2014,326,777,130,0.95,swfacp,SEQ_F1_S1
2014,327,778,131,0.69,swfacp,SEQ_F1_S1
2014,328,779,132,0.99,swfacp,SEQ_F1_S1
2014,329,780,133,1,swfacp,SEQ_F1_S1
2014,330,781,134,1,swfacp,SEQ_F1_S1
2014,331,782,135,1,swfacp,SEQ_F1_S1
2014,332,783,136,1,swfacp,SEQ_F1_S1
2014,333,784,137,1,swfacp,SEQ_F1_S1
2014,334,785,138,1,swfacp,SEQ_F1_S1
2014,335,786,139,1,swfacp,SEQ_F1_S1
2014,336,787,140,1,swfacp,SEQ_F1_S1
2014,337,788,141,1,swfacp,SEQ_F1_S1
2014,338,789,142,0.95,swfacp,SEQ_F1_S1
2014,339,790,143,0.7,swfacp,SEQ_F1_S1
2014,340,791,144,0.84,swfacp,SEQ_F1_S1
2014,341,792,145,0.92,swfacp,SEQ_F1_S1
2014,342,793,146,0.73,swfacp,SEQ_F1_S1
2014,343,794,147,1,swfacp,SEQ_F1_S1
2014,344,795,148,1,swfacp,SEQ_F1_S1
2014,345,796,149,1,swfacp,SEQ_F1_S1
2014,346,797,150,1,swfacp,SEQ_F1_S1
2014,347,798,151,1,swfacp,SEQ_F1_S1
2014,348,799,152,1,swfacp,SEQ_F1_S1
2014,349,800,153,1,swfacp,SEQ_F1_S1
2014,350,801,154,0.99,swfacp,SEQ_F1_S1
2014,351,802,155,0.89,swfacp,SEQ_F1_S1
2014,352,803,156,0.88,swfacp,SEQ_F1_S1
2014,353,804,157,0.89,swfacp,SEQ_F1_S1
2014,354,805,158,1,swfacp,SEQ_F1_S1
2014,355,806,159,1,swfacp,SEQ_F1_S1
2014,356,807,160,1,swfacp,SEQ_F1_S1
2014,357,808,161,1,swfacp,SEQ_F1_S1
2014,358,809,162,1,swfacp,SEQ_F1_S1
2014,359,810,163,1,swfacp,SEQ_F1_S1
2014,360,811,164,1,swfacp,SEQ_F1_S1
2014,361,812,165,0.94,swfacp,SEQ_F1_S1
2014,362,813,166,0.99,swfacp,SEQ_F1_S1
2014,363,814,167,1,swfacp,SEQ_F1_S1
2014,364,815,168,1,swfacp,SEQ_F1_S1
2014,365,816,169,1,swfacp,SEQ_F1_S1
2015,1,817,170,1,swfacp,SEQ_F1_S1
2015,2,818,171,1,swfacp,SEQ_F1_S1
2015,3,819,172,1,swfacp,SEQ_F1_S1
2015,4,820,173,1,swfacp,SEQ_F1_S1
2015,5,821,174,1,swfacp,SEQ_F1_S1
2015,6,822,175,1,swfacp,SEQ_F1_S1
2015,7,823,176,1,swfacp,SEQ_F1_S1
2015,8,824,177,0.95,swfacp,SEQ_F1_S1
2015,9,825,178,0.88,swfacp,SEQ_F1_S1
2015,10,826,179,0.81,swfacp,SEQ_F1_S1
2015,11,827,180,0.8,swfacp,SEQ_F1_S1
2015,12,828,181,0.74,swfacp,SEQ_F1_S1
2015,13,829,182,0.87,swfacp,SEQ_F1_S1
2015,14,830,183,0.64,swfacp,SEQ_F1_S1
2015,15,831,184,0.57,swfacp,SEQ_F1_S1
2015,16,832,185,0.54,swfacp,SEQ_F1_S1
2015,17,833,186,0.48,swfacp,SEQ_F1_S1
2015,18,834,187,0.43,swfacp,SEQ_F1_S1
2015,19,835,188,0.45,swfacp,SEQ_F1_S1
2015,20,836,189,0.58,swfacp,SEQ_F1_S1
2015,21,837,190,1,swfacp,SEQ_F1_S1
2015,22,838,191,1,swfacp,SEQ_F1_S1
2015,23,839,192,0.78,swfacp,SEQ_F1_S1
2015,24,840,193,0.67,swfacp,SEQ_F1_S1
2015,25,841,194,1,swfacp,SEQ_F1_S1
2015,26,842,195,1,swfacp,SEQ_F1_S1
2015,27,843,196,1,swfacp,SEQ_F1_S1
2015,28,844,197,1,swfacp,SEQ_F1_S1
2015,29,845,198,1,swfacp,SEQ_F1_S1
2015,30,846,199,1,swfacp,SEQ_F1_S1
2015,31,847,200,0.92,swfacp,SEQ_F1_S1
2015,32,848,201,0.88,swfacp,SEQ_F1_S1
2015,33,849,202,0.97,swfacp,SEQ_F1_S1
2015,34,850,203,1,swfacp,SEQ_F1_S1
2015,35,851,204,1,swfacp,SEQ_F1_S1
2015,36,852,205,1,swfacp,SEQ_F1_S1
2015,37,853,206,1,swfacp,SEQ_F1_S1
2015,38,854,207,1,swfacp,SEQ_F1_S1
2015,39,855,208,1,swfacp,SEQ_F1_S1
2015,40,856,209,1,swfacp,SEQ_F1_S1
2015,41,857,210,1,swfacp,SEQ_F1_S1
2015,42,858,211,1,swfacp,SEQ_F1_S1
2015,43,859,212,1,swfacp,SEQ_F1_S1
2015,44,860,213,1,swfacp,SEQ_F1_S1
2015,45,861,214,1,swfacp,SEQ_F1_S1
2015,46,862,215,1,swfacp,SEQ_F1_S1
2015,47,863,216,1,swfacp,SEQ_F1_S1
2015,48,864,217,1,swfacp,SEQ_F1_S1
2015,49,865,218,1,swfacp,SEQ_F1_S1
2015,50,866,219,1,swfacp,SEQ_F1_S1
2015,51,867,220,1,swfacp,SEQ_F1_S1
2015,52,868,221,1,swfacp,SEQ_F1_S1
2015,53,869,222,0.98,swfacp,SEQ_F1_S1
2015,54,870,223,0.86,swfacp,SEQ_F1_S1
2015,55,871,224,1,swfacp,SEQ_F1_S1
2015,56,872,225,1,swfacp,SEQ_F1_S1
2015,57,873,226,1,swfacp,SEQ_F1_S1
2015,58,874,227,1,swfacp,SEQ_F1_S1
2015,59,875,228,1,swfacp,SEQ_F1_S1
2015,60,876,229,1,swfacp,SEQ_F1_S1
2015,61,877,230,1,swfacp,SEQ_F1_S1
2015,62,878,231,0.99,swfacp,SEQ_F1_S1
2015,63,879,232,1,swfacp,SEQ_F1_S1
2015,64,880,233,1,swfacp,SEQ_F1_S1
2015,65,881,234,1,swfacp,SEQ_F1_S1
2015,66,882,235,1,swfacp,SEQ_F1_S1
2015,67,883,236,1,swfacp,SEQ_F1_S1
2015,68,884,237,1,swfacp,SEQ_F1_S1
2015,69,885,238,1,swfacp,SEQ_F1_S1
2015,70,886,239,1,swfacp,SEQ_F1_S1
2015,71,887,240,1,swfacp,SEQ_F1_S1
2015,72,888,241,1,swfacp,SEQ_F1_S1
2015,73,889,242,1,swfacp,SEQ_F1_S1
2015,74,890,243,1,swfacp,SEQ_F1_S1
2015,75,891,244,1,swfacp,SEQ_F1_S1
2015,76,892,245,1,swfacp,SEQ_F1_S1
2015,77,893,246,1,swfacp,SEQ_F1_S1
2015,78,894,247,1,swfacp,SEQ_F1_S1
2015,79,895,248,1,swfacp,SEQ_F1_S1
2015,80,896,249,1,swfacp,SEQ_F1_S1
2015,81,897,250,1,swfacp,SEQ_F1_S1
2015,82,898,251,1,swfacp,SEQ_F1_S1
2015,83,899,252,1,swfacp,SEQ_F1_S1
2015,84,900,253,1,swfacp,SEQ_F1_S1
2015,85,901,254,1,swfacp,SEQ_F1_S1
2015,86,902,255,1,swfacp,SEQ_F1_S1
2015,87,903,256,1,swfacp,SEQ_F1_S1
2015,88,904,257,1,swfacp,SEQ_F1_S1
2015,89,905,258,1,swfacp,SEQ_F1_S1
2015,90,906,259,1,swfacp,SEQ_F1_S1
2015,91,907,260,0.99,swfacp,SEQ_F1_S1
2015,92,908,261,0.98,swfacp,SEQ_F1_S1
2015,93,909,262,1,swfacp,SEQ_F1_S1
2015,94,910,263,1,swfacp,SEQ_F1_S1
2015,95,911,264,1,swfacp,SEQ_F1_S1
2015,96,912,265,1,swfacp,SEQ_F1_S1
2015,97,913,266,1,swfacp,SEQ_F1_S1
2015,98,914,267,0.98,swfacp,SEQ_F1_S1
2015,99,915,268,0.96,swfacp,SEQ_F1_S1
2015,100,916,269,0.87,swfacp,SEQ_F1_S1
2015,101,917,270,0.86,swfacp,SEQ_F1_S1
2015,102,918,271,0.84,swfacp,SEQ_F1_S1
2015,103,919,272,0.88,swfacp,SEQ_F1_S1
2015,104,920,273,0.95,swfacp,SEQ_F1_S1
2015,105,921,274,0.74,swfacp,SEQ_F1_S1
2015,106,922,275,0.62,swfacp,SEQ_F1_S1
2015,107,923,276,0.7,swfacp,SEQ_F1_S1
2015,108,924,277,0.8,swfacp,SEQ_F1_S1
2015,109,925,278,0.84,swfacp,SEQ_F1_S1
2015,110,926,279,1,swfacp,SEQ_F1_S1
2015,111,927,280,1,swfacp,SEQ_F1_S1
2015,112,928,281,1,swfacp,SEQ_F1_S1
2015,113,929,282,1,swfacp,SEQ_F1_S1
2015,114,930,283,1,swfacp,SEQ_F1_S1
2015,115,931,284,1,swfacp,SEQ_F1_S1
2015,116,932,285,0.99,swfacp,SEQ_F1_S1
2015,117,933,286,0.96,swfacp,SEQ_F1_S1
2015,118,934,287,0.96,swfacp,SEQ_F1_S1
2015,119,935,288,0.89,swfacp,SEQ_F1_S1
2015,120,936,289,0.78,swfacp,SEQ_F1_S1
2015,121,937,290,0.76,swfacp,SEQ_F1_S1
2015,122,938,291,0.75,swfacp,SEQ_F1_S1
2015,123,939,292,1,swfacp,SEQ_F1_S1
2015,124,940,293,1,swfacp,SEQ_F1_S1
2015,125,941,294,1,swfacp,SEQ_F1_S1
2015,126,942,295,1,swfacp,SEQ_F1_S1
2015,127,943,296,1,swfacp,SEQ_F1_S1
2015,128,944,297,0.9,swfacp,SEQ_F1_S1
2015,129,945,298,0.98,swfacp,SEQ_F1_S1
2015,130,946,299,1,swfacp,SEQ_F1_S1
2015,131,947,300,1,swfacp,SEQ_F1_S1
2015,132,948,301,1,swfacp,SEQ_F1_S1
2015,133,949,302,1,swfacp,SEQ_F1_S1
2015,134,950,303,1,swfacp,SEQ_F1_S1
2015,135,951,304,1,swfacp,SEQ_F1_S1
2015,136,952,305,1,swfacp,SEQ_F1_S1
2015,137,953,306,1,swfacp,SEQ_F1_S1
2015,138,954,307,1,swfacp,SEQ_F1_S1
2015,139,955,308,1,swfacp,SEQ_F1_S1
2015,140,956,309,1,swfacp,SEQ_F1_S1
2015,141,957,310,1,swfacp,SEQ_F1_S1
2015,142,958,311,1,swfacp,SEQ_F1_S1
2015,143,959,312,1,swfacp,SEQ_F1_S1
2015,144,960,313,1,swfacp,SEQ_F1_S1
2015,145,961,314,1,swfacp,SEQ_F1_S1
2015,146,962,315,1,swfacp,SEQ_F1_S1
2015,147,963,316,1,swfacp,SEQ_F1_S1
2015,148,964,317,1,swfacp,SEQ_F1_S1
2015,149,965,318,1,swfacp,SEQ_F1_S1
2015,150,966,319,1,swfacp,SEQ_F1_S1
2015,151,967,320,1,swfacp,SEQ_F1_S1
2015,152,968,321,1,swfacp,SEQ_F1_S1
2015,153,969,322,1,swfacp,SEQ_F1_S1
2015,154,970,323,1,swfacp,SEQ_F1_S1
2015,155,971,324,1,swfacp,SEQ_F1_S1
2015,156,972,325,1,swfacp,SEQ_F1_S1
2015,157,973,326,1,swfacp,SEQ_F1_S1
2015,158,974,327,1,swfacp,SEQ_F1_S1
2015,159,975,0,1,swfacp,SEQ_F1_S1
2015,160,976,1,1,swfacp,SEQ_F1_S1
2015,161,977,2,1,swfacp,SEQ_F1_S1
2015,162,978,3,1,swfacp,SEQ_F1_S1
2015,163,979,4,1,swfacp,SEQ_F1_S1
2015,164,980,5,1,swfacp,SEQ_F1_S1
2015,165,981,6,1,swfacp,SEQ_F1_S1
2015,166,982,7,1,swfacp,SEQ_F1_S1
2015,167,983,8,1,swfacp,SEQ_F1_S1
2015,168,984,9,1,swfacp,SEQ_F1_S1
2015,169,985,10,1,swfacp,SEQ_F1_S1
2015,170,986,11,1,swfacp,SEQ_F1_S1
2015,171,987,12,1,swfacp,SEQ_F1_S1
2015,172,988,13,1,swfacp,SEQ_F1_S1
2015,173,989,14,1,swfacp,SEQ_F1_S1
2015,174,990,15,1,swfacp,SEQ_F1_S1
2015,175,991,16,1,swfacp,SEQ_F1_S1
2015,176,992,17,1,swfacp,SEQ_F1_S1
2015,177,993,18,1,swfacp,SEQ_F1_S1
2015,178,994,19,1,swfacp,SEQ_F1_S1
2015,179,995,20,1,swfacp,SEQ_F1_S1
2015,180,996,21,1,swfacp,SEQ_F1_S1
2015,181,997,22,1,swfacp,SEQ_F1_S1
2015,182,998,23,1,swfacp,SEQ_F1_S1
2015,183,999,24,1,swfacp,SEQ_F1_S1
2015,184,1000,25,1,swfacp,SEQ_F1_S1
2015,185,1001,26,1,swfacp,SEQ_F1_S1
2015,186,1002,27,1,swfacp,SEQ_F1_S1
2015,187,1003,28,1,swfacp,SEQ_F1_S1
2015,188,1004,29,1,swfacp,SEQ_F1_S1
2015,189,1005,30,1,swfacp,SEQ_F1_S1
2015,190,1006,31,1,swfacp,SEQ_F1_S1
2015,191,1007,32,1,swfacp,SEQ_F1_S1
2015,192,1008,33,1,swfacp,SEQ_F1_S1
2015,193,1009,34,1,swfacp,SEQ_F1_S1
2015,194,1010,35,1,swfacp,SEQ_F1_S1
2015,195,1011,36,1,swfacp,SEQ_F1_S1
2015,196,1012,37,1,swfacp,SEQ_F1_S1
2015,197,1013,38,1,swfacp,SEQ_F1_S1
2015,198,1014,39,1,swfacp,SEQ_F1_S1
2015,199,1015,40,1,swfacp,SEQ_F1_S1
2015,200,1016,41,1,swfacp,SEQ_F1_S1
2015,201,1017,42,1,swfacp,SEQ_F1_S1
2015,202,1018,43,1,swfacp,SEQ_F1_S1
2015,203,1019,44,1,swfacp,SEQ_F1_S1
2015,204,1020,45,1,swfacp,SEQ_F1_S1
2015,205,1021,46,1,swfacp,SEQ_F1_S1
2015,206,1022,47,1,swfacp,SEQ_F1_S1
2015,207,1023,48,1,swfacp,SEQ_F1_S1
2015,208,1024,49,1,swfacp,SEQ_F1_S1
2015,209,1025,50,1,swfacp,SEQ_F1_S1
2015,210,1026,51,1,swfacp,SEQ_F1_S1
2015,211,1027,52,1,swfacp,SEQ_F1_S1
2015,212,1028,53,1,swfacp,SEQ_F1_S1
2015,213,1029,54,1,swfacp,SEQ_F1_S1
2015,214,1030,55,1,swfacp,SEQ_F1_S1
2015,215,1031,56,1,swfacp,SEQ_F1_S1
2015,216,1032,57,1,swfacp,SEQ_F1_S1
2015,217,1033,58,1,swfacp,SEQ_F1_S1
2015,218,1034,59,1,swfacp,SEQ_F1_S1
2015,219,1035,60,1,swfacp,SEQ_F1_S1
2015,220,1036,61,1,swfacp,SEQ_F1_S1
2015,221,1037,62,1,swfacp,SEQ_F1_S1
2015,222,1038,63,1,swfacp,SEQ_F1_S1
2015,223,1039,64,1,swfacp,SEQ_F1_S1
2015,224,1040,65,1,swfacp,SEQ_F1_S1
2015,225,1041,66,1,swfacp,SEQ_F1_S1
2015,226,1042,67,1,swfacp,SEQ_F1_S1
2015,227,1043,68,1,swfacp,SEQ_F1_S1
2015,228,1044,69,1,swfacp,SEQ_F1_S1
2015,229,1045,70,1,swfacp,SEQ_F1_S1
2015,230,1046,71,1,swfacp,SEQ_F1_S1
2015,231,1047,72,1,swfacp,SEQ_F1_S1
2015,232,1048,73,1,swfacp,SEQ_F1_S1
2015,233,1049,74,1,swfacp,SEQ_F1_S1
2015,234,1050,75,1,swfacp,SEQ_F1_S1
2015,235,1051,76,1,swfacp,SEQ_F1_S1
2015,236,1052,77,1,swfacp,SEQ_F1_S1
2015,237,1053,78,1,swfacp,SEQ_F1_S1
2015,238,1054,79,1,swfacp,SEQ_F1_S1
2015,239,1055,80,1,swfacp,SEQ_F1_S1
2015,240,1056,81,1,swfacp,SEQ_F1_S1
2015,241,1057,82,1,swfacp,SEQ_F1_S1
2015,242,1058,83,1,swfacp,SEQ_F1_S1
2015,243,1059,84,1,swfacp,SEQ_F1_S1
2015,244,1060,85,1,swfacp,SEQ_F1_S1
2015,245,1061,86,1,swfacp,SEQ_F1_S1
2015,246,1062,87,1,swfacp,SEQ_F1_S1
2015,247,1063,88,1,swfacp,SEQ_F1_S1
2015,248,1064,89,1,swfacp,SEQ_F1_S1
2015,249,1065,90,1,swfacp,SEQ_F1_S1
2015,250,1066,91,1,swfacp,SEQ_F1_S1
2015,251,1067,92,1,swfacp,SEQ_F1_S1
2015,252,1068,93,1,swfacp,SEQ_F1_S1
2015,253,1069,94,1,swfacp,SEQ_F1_S1
2015,254,1070,95,1,swfacp,SEQ_F1_S1
2015,255,1071,96,1,swfacp,SEQ_F1_S1
2015,256,1072,97,1,swfacp,SEQ_F1_S1
2015,257,1073,98,1,swfacp,SEQ_F1_S1
2015,258,1074,99,1,swfacp,SEQ_F1_S1
2015,259,1075,100,1,swfacp,SEQ_F1_S1
2015,260,1076,101,1,swfacp,SEQ_F1_S1
2015,261,1077,102,1,swfacp,SEQ_F1_S1
2015,262,1078,103,1,swfacp,SEQ_F1_S1
2015,263,1079,104,1,swfacp,SEQ_F1_S1
2015,264,1080,105,1,swfacp,SEQ_F1_S1
2015,265,1081,106,0.96,swfacp,SEQ_F1_S1
2015,266,1082,107,0.89,swfacp,SEQ_F1_S1
2015,267,1083,108,0.99,swfacp,SEQ_F1_S1
2015,268,1084,109,1,swfacp,SEQ_F1_S1
2015,269,1085,110,1,swfacp,SEQ_F1_S1
2015,270,1086,111,1,swfacp,SEQ_F1_S1
2015,271,1087,112,1,swfacp,SEQ_F1_S1
2015,272,1088,113,1,swfacp,SEQ_F1_S1
2015,273,1089,114,1,swfacp,SEQ_F1_S1
2015,274,1090,115,1,swfacp,SEQ_F1_S1
2015,275,1091,116,1,swfacp,SEQ_F1_S1
2015,276,1092,117,1,swfacp,SEQ_F1_S1
2015,277,1093,118,1,swfacp,SEQ_F1_S1
2015,278,1094,119,1,swfacp,SEQ_F1_S1
2015,279,1095,120,1,swfacp,SEQ_F1_S1
2015,280,1096,121,1,swfacp,SEQ_F1_S1
2015,281,1097,122,1,swfacp,SEQ_F1_S1
2015,282,1098,123,1,swfacp,SEQ_F1_S1
2015,283,1099,124,1,swfacp,SEQ_F1_S1
2015,284,1100,125,1,swfacp,SEQ_F1_S1
2015,285,1101,126,1,swfacp,SEQ_F1_S1
2015,286,1102,127,1,swfacp,SEQ_F1_S1
2015,287,1103,128,0.94,swfacp,SEQ_F1_S1
2015,288,1104,129,0.87,swfacp,SEQ_F1_S1
2015,289,1105,130,0.77,swfacp,SEQ_F1_S1
2015,290,1106,131,0.83,swfacp,SEQ_F1_S1
2015,291,1107,132,0.63,swfacp,SEQ_F1_S1
2015,292,1108,133,0.54,swfacp,SEQ_F1_S1
2015,293,1109,134,0.6,swfacp,SEQ_F1_S1
2015,294,1110,135,1,swfacp,SEQ_F1_S1
2015,295,1111,136,1,swfacp,SEQ_F1_S1
2015,296,1112,137,1,swfacp,SEQ_F1_S1
2015,297,1113,138,0.95,swfacp,SEQ_F1_S1
2015,298,1114,139,1,swfacp,SEQ_F1_S1
2015,299,1115,140,1,swfacp,SEQ_F1_S1
2015,300,1116,141,1,swfacp,SEQ_F1_S1
2015,301,1117,142,1,swfacp,SEQ_F1_S1
2015,302,1118,143,0.79,swfacp,SEQ_F1_S1
2015,303,1119,144,1,swfacp,SEQ_F1_S1
2015,304,1120,145,1,swfacp,SEQ_F1_S1
2015,305,1121,146,1,swfacp,SEQ_F1_S1
2015,306,1122,147,1,swfacp,SEQ_F1_S1
2015,307,1123,148,1,swfacp,SEQ_F1_S1
2015,308,1124,149,1,swfacp,SEQ_F1_S1
2015,309,1125,150,1,swfacp,SEQ_F1_S1
2015,310,1126,151,1,swfacp,SEQ_F1_S1
2015,311,1127,152,1,swfacp,SEQ_F1_S1
2015,312,1128,153,1,swfacp,SEQ_F1_S1
2015,313,1129,154,1,swfacp,SEQ_F1_S1
2015,314,1130,155,1,swfacp,SEQ_F1_S1
2015,315,1131,156,1,swfacp,SEQ_F1_S1
2015,316,1132,157,1,swfacp,SEQ_F1_S1
2015,317,1133,158,1,swfacp,SEQ_F1_S1
2015,318,1134,159,1,swfacp,SEQ_F1_S1
2015,319,1135,160,1,swfacp,SEQ_F1_S1
2015,320,1136,161,1,swfacp,SEQ_F1_S1
2015,321,1137,162,1,swfacp,SEQ_F1_S1
2015,322,1138,163,1,swfacp,SEQ_F1_S1
2015,323,1139,164,1,swfacp,SEQ_F1_S1
2015,324,1140,165,1,swfacp,SEQ_F1_S1
2015,325,1141,166,1,swfacp,SEQ_F1_S1
2015,326,1142,167,1,swfacp,SEQ_F1_S1
2015,327,1143,168,1,swfacp,SEQ_F1_S1
2015,328,1144,169,1,swfacp,SEQ_F1_S1
2015,329,1145,170,1,swfacp,SEQ_F1_S1
2015,330,1146,171,1,swfacp,SEQ_F1_S1
2015,331,1147,172,1,swfacp,SEQ_F1_S1
2015,332,1148,173,1,swfacp,SEQ_F1_S1
2015,333,1149,174,1,swfacp,SEQ_F1_S1
2015,334,1150,175,1,swfacp,SEQ_F1_S1
2015,335,1151,176,1,swfacp,SEQ_F1_S1
2015,336,1152,177,1,swfacp,SEQ_F1_S1
2015,337,1153,178,1,swfacp,SEQ_F1_S1
2015,338,1154,179,1,swfacp,SEQ_F1_S1
2015,339,1155,180,1,swfacp,SEQ_F1_S1
2015,340,1156,181,1,swfacp,SEQ_F1_S1
2015,341,1157,182,1,swfacp,SEQ_F1_S1
2015,342,1158,183,1,swfacp,SEQ_F1_S1
2015,343,1159,184,1,swfacp,SEQ_F1_S1
2015,344,1160,185,1,swfacp,SEQ_F1_S1
2015,345,1161,186,1,swfacp,SEQ_F1_S1
2015,346,1162,187,1,swfacp,SEQ_F1_S1
2015,347,1163,188,1,swfacp,SEQ_F1_S1
2015,348,1164,189,1,swfacp,SEQ_F1_S1
2015,349,1165,190,1,swfacp,SEQ_F1_S1
2015,350,1166,191,1,swfacp,SEQ_F1_S1
2015,351,1167,192,1,swfacp,SEQ_F1_S1
2015,352,1168,193,1,swfacp,SEQ_F1_S1
2015,353,1169,194,1,swfacp,SEQ_F1_S1
2015,354,1170,195,1,swfacp,SEQ_F1_S1
2015,355,1171,196,0.99,swfacp,SEQ_F1_S1
2015,356,1172,197,0.93,swfacp,SEQ_F1_S1
2015,357,1173,198,1,swfacp,SEQ_F1_S1
2015,358,1174,199,0.79,swfacp,SEQ_F1_S1
2015,359,1175,200,0.71,swfacp,SEQ_F1_S1
2015,360,1176,201,1,swfacp,SEQ_F1_S1
2015,361,1177,202,1,swfacp,SEQ_F1_S1
2015,362,1178,203,1,swfacp,SEQ_F1_S1
2015,363,1179,204,1,swfacp,SEQ_F1_S1
2015,364,1180,205,1,swfacp,SEQ_F1_S1
2015,365,1181,206,1,swfacp,SEQ_F1_S1
2016,1,1182,207,1,swfacp,SEQ_F1_S1
2016,2,1183,208,1,swfacp,SEQ_F1_S1
2016,3,1184,209,1,swfacp,SEQ_F1_S1
2016,4,1185,210,1,swfacp,SEQ_F1_S1
2016,5,1186,211,1,swfacp,SEQ_F1_S1
2016,6,1187,212,0.93,swfacp,SEQ_F1_S1
2016,7,1188,213,0.99,swfacp,SEQ_F1_S1
2016,8,1189,214,1,swfacp,SEQ_F1_S1
2016,9,1190,215,1,swfacp,SEQ_F1_S1
2016,10,1191,216,1,swfacp,SEQ_F1_S1
2016,11,1192,217,1,swfacp,SEQ_F1_S1
2016,12,1193,218,1,swfacp,SEQ_F1_S1
2016,13,1194,219,1,swfacp,SEQ_F1_S1
2016,14,1195,220,1,swfacp,SEQ_F1_S1
2016,15,1196,221,1,swfacp,SEQ_F1_S1
2016,16,1197,222,1,swfacp,SEQ_F1_S1
2016,17,1198,223,1,swfacp,SEQ_F1_S1
2016,18,1199,224,1,swfacp,SEQ_F1_S1
2016,19,1200,225,1,swfacp,SEQ_F1_S1
2016,20,1201,226,1,swfacp,SEQ_F1_S1
2016,21,1202,227,1,swfacp,SEQ_F1_S1
2016,22,1203,228,0.99,swfacp,SEQ_F1_S1
2016,23,1204,229,1,swfacp,SEQ_F1_S1
2016,24,1205,230,0.87,swfacp,SEQ_F1_S1
2016,25,1206,231,0.78,swfacp,SEQ_F1_S1
2016,26,1207,232,1,swfacp,SEQ_F1_S1
2016,27,1208,233,1,swfacp,SEQ_F1_S1
2016,28,1209,234,1,swfacp,SEQ_F1_S1
2016,29,1210,235,1,swfacp,SEQ_F1_S1
2016,30,1211,236,1,swfacp,SEQ_F1_S1
2016,31,1212,237,1,swfacp,SEQ_F1_S1
2016,32,1213,238,0.92,swfacp,SEQ_F1_S1
2016,33,1214,239,0.81,swfacp,SEQ_F1_S1
2016,34,1215,240,0.84,swfacp,SEQ_F1_S1
2016,35,1216,241,0.88,swfacp,SEQ_F1_S1
2016,36,1217,242,0.89,swfacp,SEQ_F1_S1
2016,37,1218,243,1,swfacp,SEQ_F1_S1
2016,38,1219,244,1,swfacp,SEQ_F1_S1
2016,39,1220,245,1,swfacp,SEQ_F1_S1
2016,40,1221,246,1,swfacp,SEQ_F1_S1
2016,41,1222,247,1,swfacp,SEQ_F1_S1
2016,42,1223,248,0.99,swfacp,SEQ_F1_S1
2016,43,1224,249,0.87,swfacp,SEQ_F1_S1
2016,44,1225,250,0.76,swfacp,SEQ_F1_S1
2016,45,1226,251,0.8,swfacp,SEQ_F1_S1
2016,46,1227,252,1,swfacp,SEQ_F1_S1
2016,47,1228,253,1,swfacp,SEQ_F1_S1
2016,48,1229,254,1,swfacp,SEQ_F1_S1
2016,49,1230,255,1,swfacp,SEQ_F1_S1
2016,50,1231,256,1,swfacp,SEQ_F1_S1
2016,51,1232,257,1,swfacp,SEQ_F1_S1
2016,52,1233,258,1,swfacp,SEQ_F1_S1
2016,53,1234,259,1,swfacp,SEQ_F1_S1
2016,54,1235,260,1,swfacp,SEQ_F1_S1
2016,55,1236,261,1,swfacp,SEQ_F1_S1
2016,56,1237,262,1,swfacp,SEQ_F1_S1
2016,57,1238,263,1,swfacp,SEQ_F1_S1
2016,58,1239,264,1,swfacp,SEQ_F1_S1
2016,59,1240,265,1,swfacp,SEQ_F1_S1
2016,60,1241,266,1,swfacp,SEQ_F1_S1
2016,61,1242,267,1,swfacp,SEQ_F1_S1
2016,62,1243,268,1,swfacp,SEQ_F1_S1
2016,63,1244,269,1,swfacp,SEQ_F1_S1
2016,64,1245,270,1,swfacp,SEQ_F1_S1
2016,65,1246,271,1,swfacp,SEQ_F1_S1
2016,66,1247,272,1,swfacp,SEQ_F1_S1
2016,67,1248,273,1,swfacp,SEQ_F1_S1
2016,68,1249,274,1,swfacp,SEQ_F1_S1
2016,69,1250,275,1,swfacp,SEQ_F1_S1
2016,70,1251,276,1,swfacp,SEQ_F1_S1
2016,71,1252,277,1,swfacp,SEQ_F1_S1
2016,72,1253,278,1,swfacp,SEQ_F1_S1
2016,73,1254,279,1,swfacp,SEQ_F1_S1
2016,74,1255,280,1,swfacp,SEQ_F1_S1
2016,75,1256,281,1,swfacp,SEQ_F1_S1
2016,76,1257,282,1,swfacp,SEQ_F1_S1
2016,77,1258,283,1,swfacp,SEQ_F1_S1
2016,78,1259,284,1,swfacp,SEQ_F1_S1
2016,79,1260,285,1,swfacp,SEQ_F1_S1
2016,80,1261,286,1,swfacp,SEQ_F1_S1
2016,81,1262,287,1,swfacp,SEQ_F1_S1
2016,82,1263,288,1,swfacp,SEQ_F1_S1
2016,83,1264,289,1,swfacp,SEQ_F1_S1
2016,84,1265,290,1,swfacp,SEQ_F1_S1
2016,85,1266,291,1,swfacp,SEQ_F1_S1
2016,86,1267,292,1,swfacp,SEQ_F1_S1
2016,87,1268,293,1,swfacp,SEQ_F1_S1
2016,88,1269,294,1,swfacp,SEQ_F1_S1
2016,89,1270,295,1,swfacp,SEQ_F1_S1
2016,90,1271,296,1,swfacp,SEQ_F1_S1
2016,91,1272,297,1,swfacp,SEQ_F1_S1
2016,92,1273,298,1,swfacp,SEQ_F1_S1
2016,93,1274,299,0.98,swfacp,SEQ_F1_S1
2016,94,1275,300,0.96,swfacp,SEQ_F1_S1
2016,95,1276,301,0.95,swfacp,SEQ_F1_S1
2016,96,1277,302,0.94,swfacp,SEQ_F1_S1
2016,97,1278,303,0.9,swfacp,SEQ_F1_S1
2016,98,1279,304,0.86,swfacp,SEQ_F1_S1
2016,99,1280,305,0.82,swfacp,SEQ_F1_S1
2016,100,1281,306,0.75,swfacp,SEQ_F1_S1
2016,101,1282,307,0.9,swfacp,SEQ_F1_S1
2016,102,1283,308,0.79,swfacp,SEQ_F1_S1
2016,103,1284,309,0.8,swfacp,SEQ_F1_S1
2016,104,1285,310,0.86,swfacp,SEQ_F1_S1
2016,105,1286,311,0.77,swfacp,SEQ_F1_S1
2016,106,1287,312,0.66,swfacp,SEQ_F1_S1
2016,107,1288,313,0.59,swfacp,SEQ_F1_S1
2016,108,1289,314,0.55,swfacp,SEQ_F1_S1
2016,109,1290,315,0.52,swfacp,SEQ_F1_S1
2016,110,1291,316,0.5,swfacp,SEQ_F1_S1
2016,111,1292,317,0.48,swfacp,SEQ_F1_S1
2016,112,1293,318,0.42,swfacp,SEQ_F1_S1
2016,113,1294,319,0.42,swfacp,SEQ_F1_S1
2016,114,1295,320,0.4,swfacp,SEQ_F1_S1
2016,115,1296,321,0.36,swfacp,SEQ_F1_S1
2016,116,1297,322,0.74,swfacp,SEQ_F1_S1
2016,117,1298,323,0.97,swfacp,SEQ_F1_S1
2016,118,1299,324,1,swfacp,SEQ_F1_S1
2016,119,1300,325,0.97,swfacp,SEQ_F1_S1
2016,120,1301,326,0.73,swfacp,SEQ_F1_S1
2016,121,1302,327,0.51,swfacp,SEQ_F1_S1
2016,122,1303,328,0.43,swfacp,SEQ_F1_S1
2016,123,1304,329,0.46,swfacp,SEQ_F1_S1
2016,124,1305,330,0.42,swfacp,SEQ_F1_S1
2016,125,1306,331,0.41,swfacp,SEQ_F1_S1
2016,126,1307,332,0.39,swfacp,SEQ_F1_S1
2016,127,1308,333,0.63,swfacp,SEQ_F1_S1
2016,128,1309,334,0.47,swfacp,SEQ_F1_S1
2016,129,1310,335,0.4,swfacp,SEQ_F1_S1
2016,130,1311,336,0.73,swfacp,SEQ_F1_S1
2016,131,1312,337,0.94,swfacp,SEQ_F1_S1
2016,132,1313,338,0.61,swfacp,SEQ_F1_S1
2016,133,1314,339,0.41,swfacp,SEQ_F1_S1
2016,134,1315,340,0.33,swfacp,SEQ_F1_S1
2016,135,1316,341,0.33,swfacp,SEQ_F1_S1
2016,136,1317,342,0.39,swfacp,SEQ_F1_S1
2016,137,1318,343,1,swfacp,SEQ_F1_S1
2016,138,1319,344,1,swfacp,SEQ_F1_S1
2016,139,1320,345,1,swfacp,SEQ_F1_S1
2016,140,1321,346,1,swfacp,SEQ_F1_S1
2016,141,1322,347,1,swfacp,SEQ_F1_S1
2016,142,1323,348,1,swfacp,SEQ_F1_S1
2016,143,1324,349,1,swfacp,SEQ_F1_S1
2016,144,1325,350,1,swfacp,SEQ_F1_S1
2016,145,1326,351,1,swfacp,SEQ_F1_S1
2016,146,1327,352,1,swfacp,SEQ_F1_S1
2016,147,1328,353,1,swfacp,SEQ_F1_S1
2016,148,1329,354,1,swfacp,SEQ_F1_S1
2016,149,1330,355,1,swfacp,SEQ_F1_S1
2016,150,1331,356,1,swfacp,SEQ_F1_S1
2016,151,1332,357,1,swfacp,SEQ_F1_S1
2016,152,1333,358,1,swfacp,SEQ_F1_S1
2016,153,1334,359,1,swfacp,SEQ_F1_S1
2016,154,1335,360,1,swfacp,SEQ_F1_S1
2016,155,1336,361,1,swfacp,SEQ_F1_S1
2016,156,1337,362,1,swfacp,SEQ_F1_S1
2016,157,1338,363,1,swfacp,SEQ_F1_S1
2016,158,1339,364,1,swfacp,SEQ_F1_S1
